X0LL2C254NRO,컴프레션 타이츠,,https://www.2xu.kr/goods/goods_view.php?goodsNo=1000001883,새 상품,"109,000원",재고 있음,http://dongin2xu.godohosting.com//goods/20/11/48/1000001883/1000001883_main_05.jpg
X0LL2C254SLV,컴프레션 타이츠,,https://www.2xu.kr/goods/goods_view.php?goodsNo=1000001884,새 상품,"109,000원",재고 있음,http://dongin2xu.godohosting.com//goods/20/11/48/1000001883/1000001883_detail_135.jpg
X0LL2C253SLV,방풍 컴프레션 타이츠,,https://www.2xu.kr/goods/goods_view.php?goodsNo=1000001886,새 상품,"129,000원",재고 있음,http://dongin2xu.godohosting.com//goods/20/11/48/1000001884/1000001884_main_023.jpg
X0LL2M251BLK,MCS Run 컴프레션 타이츠,,https://www.2xu.kr/goods/goods_view.php?goodsNo=1000001887,새 상품,"139,000원",재고 있음,http://dongin2xu.godohosting.com//goods/20/11/48/1000001884/1000001884_detail_144.jpg
X0LL2M251PNK,MCS Run 컴프레션 타이츠,,https://www.2xu.kr/goods/goods_view.php?goodsNo=1000001888,새 상품,"139,000원",재고 있음,http://dongin2xu.godohosting.com//goods/20/11/48/1000001886/1000001886_main_017.jpg
X0LL2M251GLD,MCS Run 컴프레션 타이츠,,https://www.2xu.kr/goods/goods_view.php?goodsNo=1000001889,새 상품,"139,000원",재고 있음,http://dongin2xu.godohosting.com//goods/20/11/48/1000001886/1000001886_detail_19.jpg
X0LL2R251NRO,파워 리커버리 컴프레션 타이츠,,https://www.2xu.kr/goods/goods_view.php?goodsNo=1000001891,새 상품,"169,000원",재고 있음,http://dongin2xu.godohosting.com//goods/20/11/48/1000001887/1000001887_main_060.jpg
X0LL2R252NRO,리프레쉬 리커버리 컴프레션 타이츠,,https://www.2xu.kr/goods/goods_view.php?goodsNo=1000001892,새 상품,"129,000원",재고 있음,http://dongin2xu.godohosting.com//goods/20/11/48/1000001887/1000001887_detail_164.jpg
X0LL25155BLU,XVENT G2 반팔티,,https://www.2xu.kr/goods/goods_view.php?goodsNo=1000001893,새 상품,"48,300원",재고 있음,http://dongin2xu.godohosting.com//goods/20/11/48/1000001888/1000001888_main_088.jpg
X0LL25155PNK,XVENT G2 반팔티,,https://www.2xu.kr/goods/goods_view.php?goodsNo=1000001894,새 상품,"48,300원",재고 있음,http://dongin2xu.godohosting.com//goods/20/11/48/1000001888/1000001888_detail_159.jpg
X0LL25155BLK,XVENT G2 반팔티,,https://www.2xu.kr/goods/goods_view.php?goodsNo=1000001895,새 상품,"48,300원",재고 있음,http://dongin2xu.godohosting.com//goods/20/11/48/1000001889/1000001889_main_078.jpg
X0LL2C154BLK,기모 컴프레션 긴팔티,,https://www.2xu.kr/goods/goods_view.php?goodsNo=1000001745,새 상품,"119,000원",재고 있음,http://dongin2xu.godohosting.com//goods/20/11/48/1000001889/1000001889_detail_143.jpg
X0LL2C152BLK,컴프레션 반팔티,,https://www.2xu.kr/goods/goods_view.php?goodsNo=1000001744,새 상품,"99,000원",재고 있음,http://dongin2xu.godohosting.com//goods/20/11/48/1000001891/1000001891_main_048.jpg
X0LL2H250BLU,하이라이즈 컴프레션 타이츠,,https://www.2xu.kr/goods/goods_view.php?goodsNo=1000001742,새 상품,"129,000원",재고 있음,http://dongin2xu.godohosting.com//goods/20/11/48/1000001891/1000001891_detail_197.jpg
X0LL2F258BUD,FITNESS 뉴 하이츠 컴프레션 타이츠,,https://www.2xu.kr/goods/goods_view.php?goodsNo=1000001741,새 상품,"109,000원",재고 있음,http://dongin2xu.godohosting.com//goods/20/11/48/1000001892/1000001892_main_09.jpg
X0LL2F258BLK,FITNESS 뉴 하이츠 컴프레션 타이츠,,https://www.2xu.kr/goods/goods_view.php?goodsNo=1000001740,새 상품,"109,000원",재고 있음,http://dongin2xu.godohosting.com//goods/20/11/48/1000001892/1000001892_detail_168.jpg
X0LL2T851PNK,PERFORM 미디엄 임팩트 브라탑,,https://www.2xu.kr/goods/goods_view.php?goodsNo=1000001739,새 상품,"48,300원",재고 있음,http://dongin2xu.godohosting.com//goods/20/11/48/1000001893/1000001893_main_098.jpg
X0LL2T851BLK,PERFORM 미디엄 임팩트 브라탑,,https://www.2xu.kr/goods/goods_view.php?goodsNo=1000001738,새 상품,"48,300원",재고 있음,http://dongin2xu.godohosting.com//goods/20/11/48/1000001893/1000001893_detail_18.jpg
X0LL2T852BLU,PERFORM 미디엄 임팩트 브라탑,,https://www.2xu.kr/goods/goods_view.php?goodsNo=1000001737,새 상품,"48,300원",재고 있음,http://dongin2xu.godohosting.com//goods/20/11/48/1000001894/1000001894_main_088.jpg
X0LL2T854BLU,ACTIVE 미디엄 임팩트 브라탑,,https://www.2xu.kr/goods/goods_view.php?goodsNo=1000001736,새 상품,"48,300원",재고 있음,http://dongin2xu.godohosting.com//goods/20/11/48/1000001894/1000001894_detail_194.jpg
X0LL2T853WHT,ACTIVE 롱라인 미디엄 임팩트 브라탑,,https://www.2xu.kr/goods/goods_view.php?goodsNo=1000001735,새 상품,"48,300원",재고 있음,http://dongin2xu.godohosting.com//goods/20/11/48/1000001895/1000001895_main_030.jpg
X0LL27151BLK,XVENT 우븐 조거 팬츠,,https://www.2xu.kr/goods/goods_view.php?goodsNo=1000001734,새 상품,"83,300원",재고 있음,http://dongin2xu.godohosting.com//goods/20/11/48/1000001895/1000001895_detail_173.jpg
X0LL23151DMG,히트 베이스 레이어 긴팔티,,https://www.2xu.kr/goods/goods_view.php?goodsNo=1000001727,새 상품,"48,300원",재고 있음,http://dongin2xu.godohosting.com//goods/20/10/42/1000001745/1000001745_main_047.jpg
X0LU2Y303BLK,FLEX RUN 컴프레션 암가드,,https://www.2xu.kr/goods/goods_view.php?goodsNo=1000001698,새 상품,"59,000원",재고 있음,http://dongin2xu.godohosting.com//goods/20/10/42/1000001745/1000001745_detail_153.jpg
X0WL21051BLK,퍼수트 인슐레이션 자켓,,https://www.2xu.kr/goods/goods_view.php?goodsNo=1000001694,새 상품,"195,300원",재고 있음,http://dongin2xu.godohosting.com//goods/20/10/42/1000001744/1000001744_main_044.jpg
X0LL11682BLK,얼티밋 트레이닝 자켓,,https://www.2xu.kr/goods/goods_view.php?goodsNo=1000001688,새 상품,"97,300원",재고 있음,http://dongin2xu.godohosting.com//goods/20/10/42/1000001744/1000001744_detail_13.jpg
X0LL11682WHT,얼티밋 트레이닝 자켓,,https://www.2xu.kr/goods/goods_view.php?goodsNo=1000001689,새 상품,"97,300원",재고 있음,http://dongin2xu.godohosting.com//goods/20/10/42/1000001742/1000001742_main_011.jpg
X0LL11782BLK,얼티밋 트레이닝 팬츠,,https://www.2xu.kr/goods/goods_view.php?goodsNo=1000001690,새 상품,"76,300원",재고 있음,http://dongin2xu.godohosting.com//goods/20/10/42/1000001742/1000001742_detail_177.jpg
X0LL11461BLK,프라임플렉스 스트레치 자켓,,https://www.2xu.kr/goods/goods_view.php?goodsNo=1000001686,새 상품,"139,300원",재고 있음,http://dongin2xu.godohosting.com//goods/20/10/42/1000001741/1000001741_main_028.jpg
X0LL11461IVY,프라임플렉스 스트레치 자켓,,https://www.2xu.kr/goods/goods_view.php?goodsNo=1000001687,새 상품,"139,300원",재고 있음,http://dongin2xu.godohosting.com//goods/20/10/42/1000001741/1000001741_detail_176.jpg
X0WL11462BLK,프라임플렉스 아노락 자켓,,https://www.2xu.kr/goods/goods_view.php?goodsNo=1000001685,새 상품,"125,300원",재고 있음,http://dongin2xu.godohosting.com//goods/20/10/42/1000001740/1000001740_main_097.jpg
X0WL11462LPK,프라임플렉스 아노락 자켓,,https://www.2xu.kr/goods/goods_view.php?goodsNo=1000001684,새 상품,"125,300원",재고 있음,http://dongin2xu.godohosting.com//goods/20/10/42/1000001740/1000001740_detail_155.jpg
X0LL13891DPK0851,데이아웃 스웨트셔츠,,https://www.2xu.kr/goods/goods_view.php?goodsNo=1000001677,새 상품,"69,300원",재고 있음,http://dongin2xu.godohosting.com//goods/20/10/42/1000001739/1000001739_main_072.jpg
X0LL13891BLK0823,데이아웃 스웨트셔츠,,https://www.2xu.kr/goods/goods_view.php?goodsNo=1000001676,새 상품,"69,300원",재고 있음,http://dongin2xu.godohosting.com//goods/20/10/42/1000001739/1000001739_detail_176.jpg
X0LL13794DPK0753,데이아웃 후디,,https://www.2xu.kr/goods/goods_view.php?goodsNo=1000001675,새 상품,"90,300원",재고 있음,http://dongin2xu.godohosting.com//goods/20/10/42/1000001738/1000001738_main_078.jpg
X0LL13794BLK0727,데이아웃 후디,,https://www.2xu.kr/goods/goods_view.php?goodsNo=1000001674,새 상품,"90,300원",재고 있음,http://dongin2xu.godohosting.com//goods/20/10/42/1000001738/1000001738_detail_12.jpg
X0LL11761LPK0459,에어로 트리코트 트레이닝 팬츠,,https://www.2xu.kr/goods/goods_view.php?goodsNo=1000001672,새 상품,"69,300원",재고 있음,http://dongin2xu.godohosting.com//goods/20/10/42/1000001737/1000001737_main_052.jpg
X0LL11661NVY0250,에어로 트리코트 트레이닝 자켓,,https://www.2xu.kr/goods/goods_view.php?goodsNo=1000001671,새 상품,"90,300원",재고 있음,http://dongin2xu.godohosting.com//goods/20/10/42/1000001737/1000001737_detail_114.jpg
X0LL11661LPK0223,에어로 트리코트 트레이닝 자켓,,https://www.2xu.kr/goods/goods_view.php?goodsNo=1000001670,새 상품,"90,300원",재고 있음,http://dongin2xu.godohosting.com//goods/20/10/42/1000001736/1000001736_main_08.jpg
X0LL11491BLK0159,데이아웃 롱 자켓,,https://www.2xu.kr/goods/goods_view.php?goodsNo=1000001638,새 상품,"111,300원",재고 있음,http://dongin2xu.godohosting.com//goods/20/10/42/1000001736/1000001736_detail_113.jpg
X0LL11491WHT0248,데이아웃 롱 자켓,,https://www.2xu.kr/goods/goods_view.php?goodsNo=1000001639,새 상품,"111,300원",재고 있음,http://dongin2xu.godohosting.com//goods/20/10/42/1000001735/1000001735_main_043.jpg
X0LL13892BLK2243,코듀로이 스웨트셔츠,,https://www.2xu.kr/goods/goods_view.php?goodsNo=1000001629,새 상품,"83,300원",재고 있음,http://dongin2xu.godohosting.com//goods/20/10/42/1000001735/1000001735_detail_164.jpg
X0LL13892LGY2321,코듀로이 스웨트셔츠,,https://www.2xu.kr/goods/goods_view.php?goodsNo=1000001630,새 상품,"83,300원",재고 있음,http://dongin2xu.godohosting.com//goods/20/10/42/1000001734/1000001734_main_020.jpg
X0LL11792BLK0012,코듀로이 트레이닝 팬츠,,https://www.2xu.kr/goods/goods_view.php?goodsNo=1000001627,새 상품,"76,300원",재고 있음,http://dongin2xu.godohosting.com//goods/20/10/42/1000001734/1000001734_detail_122.jpg
X0LL11792LGY0048,코듀로이 트레이닝 팬츠,,https://www.2xu.kr/goods/goods_view.php?goodsNo=1000001628,새 상품,"76,300원",재고 있음,http://dongin2xu.godohosting.com//goods/20/10/41/1000001727/1000001727_main_058.jpg
X0LL11692BLK5628,코듀로이 트레이닝 자켓,,https://www.2xu.kr/goods/goods_view.php?goodsNo=1000001625,새 상품,"97,300원",재고 있음,http://dongin2xu.godohosting.com//goods/20/10/41/1000001727/1000001727_detail_150.jpg
X0LL11692LGY5704,코듀로이 트레이닝 자켓,,https://www.2xu.kr/goods/goods_view.php?goodsNo=1000001626,새 상품,"97,300원",재고 있음,http://dongin2xu.godohosting.com//goods/20/10/41/1000001698/1000001698_main_073.jpg
X0LL11771BLK4240,데이브레이크 트레이닝 팬츠,,https://www.2xu.kr/goods/goods_view.php?goodsNo=1000001621,새 상품,"90,300원",재고 있음,http://dongin2xu.godohosting.com//goods/20/10/41/1000001698/1000001698_detail_194.jpg
X0LL11771IVY4315,데이브레이크 트레이닝 팬츠,,https://www.2xu.kr/goods/goods_view.php?goodsNo=1000001622,새 상품,"90,300원",재고 있음,http://dongin2xu.godohosting.com//goods/20/10/41/1000001694/1000001694_main_019.jpg
X0LL11671BLK2554,데이브레이크 트레이닝 자켓,,https://www.2xu.kr/goods/goods_view.php?goodsNo=1000001619,새 상품,"111,300원",재고 있음,http://dongin2xu.godohosting.com//goods/20/10/41/1000001694/1000001694_detail_182.jpg
X0LL11671IVY2629,데이브레이크 트레이닝 자켓,,https://www.2xu.kr/goods/goods_view.php?goodsNo=1000001620,새 상품,"111,300원",재고 있음,http://dongin2xu.godohosting.com//goods/20/10/41/1000001688/1000001688_main_050.jpg
X0ML2B251_BLK,퍼폼 트라이 경기복 쇼츠,,https://www.2xu.kr/goods/goods_view.php?goodsNo=1000001568,새 상품,"76,300원",재고 있음,http://dongin2xu.godohosting.com//goods/20/10/41/1000001688/1000001688_detail_149.jpg
X0ML2B151_CHA,퍼폼 경기복 트라이 민소매,,https://www.2xu.kr/goods/goods_view.php?goodsNo=1000001562,새 상품,"76,300원",재고 있음,http://dongin2xu.godohosting.com//goods/20/10/41/1000001689/1000001689_main_041.jpg
X0ML2B351_GLD,컴프레션 경기복 트라이수트,,https://www.2xu.kr/goods/goods_view.php?goodsNo=1000001561,새 상품,"223,300원",재고 있음,http://dongin2xu.godohosting.com//goods/20/10/41/1000001689/1000001689_detail_112.jpg
X0ML2WE51_PNK,프로펠 웻수트,,https://www.2xu.kr/goods/goods_view.php?goodsNo=1000001560,새 상품,"367,500원",재고 있음,http://dongin2xu.godohosting.com//goods/20/10/41/1000001690/1000001690_main_015.jpg
X0ML29692_CHA,엔지니어 레깅스,,https://www.2xu.kr/goods/goods_view.php?goodsNo=1000001550,새 상품,"48,300원",재고 있음,http://dongin2xu.godohosting.com//goods/20/10/41/1000001690/1000001690_detail_129.jpg
X0ML2X761_BLK,엑스벤티 G2레이서 민소매,,https://www.2xu.kr/goods/goods_view.php?goodsNo=1000001544,새 상품,"34,300원",재고 있음,http://dongin2xu.godohosting.com//goods/20/10/41/1000001686/1000001686_main_077.jpg
X0ML2V563_BLK,엑티브 프리 쇼츠,,https://www.2xu.kr/goods/goods_view.php?goodsNo=1000001543,새 상품,"41,300원",재고 있음,http://dongin2xu.godohosting.com//goods/20/10/41/1000001686/1000001686_detail_124.jpg
X0ML2G562_BLK,"GHST 3"" 쇼츠",,https://www.2xu.kr/goods/goods_view.php?goodsNo=1000001542,새 상품,"48,300원",재고 있음,http://dongin2xu.godohosting.com//goods/20/10/41/1000001687/1000001687_main_025.jpg
X0ML2O262_SRF,런 미드 리세 대시 쇼츠,,https://www.2xu.kr/goods/goods_view.php?goodsNo=1000001541,새 상품,"89,000원",재고 있음,http://dongin2xu.godohosting.com//goods/20/10/41/1000001687/1000001687_detail_182.jpg
X0ML2X461_BLK,XVENT G2 LS 탑,,https://www.2xu.kr/goods/goods_view.php?goodsNo=1000001483,새 상품,"41,300원",재고 있음,http://dongin2xu.godohosting.com//goods/20/10/41/1000001685/1000001685_main_017.jpg
X0GL13772_BLK,그란사 크롭 후디,,https://www.2xu.kr/goods/goods_view.php?goodsNo=1000001420,새 상품,"83,300원",재고 있음,http://dongin2xu.godohosting.com//goods/20/10/41/1000001685/1000001685_detail_165.jpg
X0GL13794_BLK,멜리야 롱 후디,,https://www.2xu.kr/goods/goods_view.php?goodsNo=1000001419,새 상품,"83,300원",재고 있음,http://dongin2xu.godohosting.com//goods/20/10/41/1000001684/1000001684_main_099.jpg
X0GL13794_WHT,멜리야 롱 후디,,https://www.2xu.kr/goods/goods_view.php?goodsNo=1000001418,새 상품,"83,300원",재고 있음,http://dongin2xu.godohosting.com//goods/20/10/41/1000001684/1000001684_detail_163.jpg
X0GL13883_WHT,메쉬 벤트 티,,https://www.2xu.kr/goods/goods_view.php?goodsNo=1000001423,새 상품,"34,300원",재고 있음,http://dongin2xu.godohosting.com//goods/20/09/39/1000001677/1000001677_main_013.jpg
X0GL11671_BLK,데이브레이크 트레이닝 자켓,,https://www.2xu.kr/goods/goods_view.php?goodsNo=1000001405,새 상품,"90,300원",재고 있음,http://dongin2xu.godohosting.com//goods/20/09/39/1000001677/1000001677_detail_186.jpg
X0GL11671_WHT,데이브레이크 트레이닝 자켓,,https://www.2xu.kr/goods/goods_view.php?goodsNo=1000001404,새 상품,"90,300원",재고 있음,http://dongin2xu.godohosting.com//goods/20/09/39/1000001676/1000001676_main_097.jpg
X0GL13772_MLG,그란사 크롭 후디,,https://www.2xu.kr/goods/goods_view.php?goodsNo=1000001387,새 상품,"83,300원",재고 있음,http://dongin2xu.godohosting.com//goods/20/09/39/1000001676/1000001676_detail_131.jpg
X0GL11791_MLG,데이아웃 트레이닝 팬츠,,https://www.2xu.kr/goods/goods_view.php?goodsNo=1000001393,새 상품,"83,300원",재고 있음,http://dongin2xu.godohosting.com//goods/20/09/39/1000001675/1000001675_main_056.jpg
X0GL11791_BLK,데이아웃 트레이닝 팬츠,,https://www.2xu.kr/goods/goods_view.php?goodsNo=1000001395,새 상품,"83,300원",재고 있음,http://dongin2xu.godohosting.com//goods/20/09/39/1000001675/1000001675_detail_11.jpg
X0GL13871_BLK,살리나 크롭 스웨트셔츠,,https://www.2xu.kr/goods/goods_view.php?goodsNo=1000001380,새 상품,"69,300원",재고 있음,http://dongin2xu.godohosting.com//goods/20/09/39/1000001674/1000001674_main_032.jpg
X0GL13871_LBE,살리나 크롭 스웨트셔츠,,https://www.2xu.kr/goods/goods_view.php?goodsNo=1000001379,새 상품,"69,300원",재고 있음,http://dongin2xu.godohosting.com//goods/20/09/39/1000001674/1000001674_detail_156.jpg
X0GL13892_BLK,켈로우나 롱 스웨트셔츠,,https://www.2xu.kr/goods/goods_view.php?goodsNo=1000001378,새 상품,"62,300원",재고 있음,http://dongin2xu.godohosting.com//goods/20/09/39/1000001672/1000001672_main_039.jpg
X0GL13892_MLG,켈로우나 롱 스웨트셔츠,,https://www.2xu.kr/goods/goods_view.php?goodsNo=1000001377,새 상품,"62,300원",재고 있음,http://dongin2xu.godohosting.com//goods/20/09/39/1000001672/1000001672_detail_155.jpg
XULY572_BLK,WOMEN FLIGHT COMPRESSION SOCKS,,https://www.2xu.kr/goods/goods_view.php?goodsNo=1000000480,새 상품,"55,000원",재고 있음,http://dongin2xu.godohosting.com//goods/20/09/39/1000001671/1000001671_main_043.jpg
X0ML17193LBG,데이아웃 스웨트팬츠,,https://www.2xu.kr/goods/goods_view.php?goodsNo=1000002127,새 상품,"90,300원",재고 있음,http://dongin2xu.godohosting.com//goods/20/09/39/1000001671/1000001671_detail_199.jpg
X0ML17193BLK,데이아웃 스웨트팬츠,,https://www.2xu.kr/goods/goods_view.php?goodsNo=1000002126,새 상품,"90,300원",재고 있음,http://dongin2xu.godohosting.com//goods/20/09/39/1000001670/1000001670_main_015.jpg
X0ML17071WHT,데이브레이크 트레이닝 쇼츠,,https://www.2xu.kr/goods/goods_view.php?goodsNo=1000002125,새 상품,"55,300원",재고 있음,http://dongin2xu.godohosting.com//goods/20/09/39/1000001670/1000001670_detail_113.jpg
X0ML17071BLK,데이브레이크 트레이닝 쇼츠,,https://www.2xu.kr/goods/goods_view.php?goodsNo=1000002124,새 상품,"55,300원",재고 있음,http://dongin2xu.godohosting.com//goods/20/09/37/1000001638/1000001638_main_046.jpg
X0ML17091MLG,데이아웃 트레이닝 세트 쇼츠,,https://www.2xu.kr/goods/goods_view.php?goodsNo=1000002105,새 상품,"48,300원",재고 있음,http://dongin2xu.godohosting.com//goods/20/09/37/1000001638/1000001638_detail_197.jpg
X0ML17091LBG,데이아웃 트레이닝 세트 쇼츠,,https://www.2xu.kr/goods/goods_view.php?goodsNo=1000002104,새 상품,"48,300원",재고 있음,http://dongin2xu.godohosting.com//goods/20/09/37/1000001639/1000001639_main_061.jpg
X0ML17082BLK,위젤 스트레치 쇼츠,,https://www.2xu.kr/goods/goods_view.php?goodsNo=1000002103,새 상품,"62,300원",재고 있음,http://dongin2xu.godohosting.com//goods/20/09/37/1000001639/1000001639_detail_170.jpg
X0ML17062PNK,에어로 엑스 트레이닝 쇼츠,,https://www.2xu.kr/goods/goods_view.php?goodsNo=1000002102,새 상품,"55,300원",재고 있음,http://dongin2xu.godohosting.com//goods/20/09/36/1000001629/1000001629_main_02.jpg
X0ML17062BLK,에어로 엑스 트레이닝 쇼츠,,https://www.2xu.kr/goods/goods_view.php?goodsNo=1000002101,새 상품,"55,300원",재고 있음,http://dongin2xu.godohosting.com//goods/20/09/36/1000001629/1000001629_detail_183.jpg
X0ML17061BLK,런 코어 쇼츠,,https://www.2xu.kr/goods/goods_view.php?goodsNo=1000002100,새 상품,"41,300원",재고 있음,http://dongin2xu.godohosting.com//goods/20/09/36/1000001630/1000001630_main_079.jpg
X0ML17061BEG,런 코어 쇼츠,,https://www.2xu.kr/goods/goods_view.php?goodsNo=1000002099,새 상품,"41,300원",재고 있음,http://dongin2xu.godohosting.com//goods/20/09/36/1000001630/1000001630_detail_182.jpg
X0MU11732BLK,얼티밋 트레이닝 팬츠,,https://www.2xu.kr/goods/goods_view.php?goodsNo=1000002096,새 상품,"76,300원",재고 있음,http://dongin2xu.godohosting.com//goods/20/09/36/1000001627/1000001627_main_039.jpg
X0ML11781BLK,얼티밋 트리콧 트레이닝 팬츠,,https://www.2xu.kr/goods/goods_view.php?goodsNo=1000002088,새 상품,"76,300원",재고 있음,http://dongin2xu.godohosting.com//goods/20/09/36/1000001627/1000001627_detail_173.jpg
X0ML11761PNK,에어로 엑스 트레이닝 팬츠,,https://www.2xu.kr/goods/goods_view.php?goodsNo=1000002087,새 상품,"90,300원",재고 있음,http://dongin2xu.godohosting.com//goods/20/09/36/1000001628/1000001628_main_091.jpg
X0ML11761BLK,에어로 엑스 트레이닝 팬츠,,https://www.2xu.kr/goods/goods_view.php?goodsNo=1000002086,새 상품,"90,300원",재고 있음,http://dongin2xu.godohosting.com//goods/20/09/36/1000001628/1000001628_detail_198.jpg
X0ML19861BLK,GHST 롬퍼 수트,,https://www.2xu.kr/goods/goods_view.php?goodsNo=1000002079,새 상품,"90,300원",재고 있음,http://dongin2xu.godohosting.com//goods/20/09/36/1000001625/1000001625_main_021.jpg
X0ML15193PNK,길라스 엑티브 티,,https://www.2xu.kr/goods/goods_view.php?goodsNo=1000002078,새 상품,"59,000원",재고 있음,http://dongin2xu.godohosting.com//goods/20/09/36/1000001625/1000001625_detail_147.jpg
X0ML15193BLK,길라스 엑티브 티,,https://www.2xu.kr/goods/goods_view.php?goodsNo=1000002077,새 상품,"41,300원",재고 있음,http://dongin2xu.godohosting.com//goods/20/09/36/1000001626/1000001626_main_022.jpg
X0ML15191WHT,코어 롱 슬리브 티,,https://www.2xu.kr/goods/goods_view.php?goodsNo=1000002076,새 상품,"48,300원",재고 있음,http://dongin2xu.godohosting.com//goods/20/09/36/1000001626/1000001626_detail_152.jpg
X0ML15183WHT,스타나 트레인 티,,https://www.2xu.kr/goods/goods_view.php?goodsNo=1000002075,새 상품,"48,300원",재고 있음,http://dongin2xu.godohosting.com//goods/20/09/36/1000001621/1000001621_main_073.jpg
X0ML15183BLK,스타나 트레인 티,,https://www.2xu.kr/goods/goods_view.php?goodsNo=1000002074,새 상품,"48,300원",재고 있음,http://dongin2xu.godohosting.com//goods/20/09/36/1000001621/1000001621_detail_173.jpg
X0ML15191BLK,코어 롱 슬리브 티,,https://www.2xu.kr/goods/goods_view.php?goodsNo=1000002030,새 상품,"48,300원",재고 있음,http://dongin2xu.godohosting.com//goods/20/09/36/1000001622/1000001622_main_077.jpg
X0ML15173WHT,데이브레이크 엑티브 티,,https://www.2xu.kr/goods/goods_view.php?goodsNo=1000002029,새 상품,"41,300원",재고 있음,http://dongin2xu.godohosting.com//goods/20/09/36/1000001622/1000001622_detail_168.jpg
X0ML15173BLK,데이브레이크 엑티브 티,,https://www.2xu.kr/goods/goods_view.php?goodsNo=1000002028,새 상품,"41,300원",재고 있음,http://dongin2xu.godohosting.com//goods/20/09/36/1000001619/1000001619_main_015.jpg
X0ML15172BLK,클레어 오버사이즈 티,,https://www.2xu.kr/goods/goods_view.php?goodsNo=1000002027,새 상품,"41,300원",재고 있음,http://dongin2xu.godohosting.com//goods/20/09/36/1000001619/1000001619_detail_151.jpg
X0ML15172PNK,클레어 오버사이즈 티,,https://www.2xu.kr/goods/goods_view.php?goodsNo=1000002026,새 상품,"41,300원",재고 있음,http://dongin2xu.godohosting.com//goods/20/09/36/1000001620/1000001620_main_099.jpg
X0ML15084LGY,마욘 엑티브 민소매,,https://www.2xu.kr/goods/goods_view.php?goodsNo=1000002019,새 상품,"41,300원",재고 있음,http://dongin2xu.godohosting.com//goods/20/09/36/1000001620/1000001620_detail_151.jpg
X0ML15084BLK,마욘 엑티브 민소매,,https://www.2xu.kr/goods/goods_view.php?goodsNo=1000002018,새 상품,"41,300원",재고 있음,https://www.2xu.kr/data/goods/20/05/22//1000001568/1000001568_main_048.jpg
X0ML11681BLK,얼티밋 트리콧 트레이닝 자켓,,https://www.2xu.kr/goods/goods_view.php?goodsNo=1000002008,새 상품,"97,300원",재고 있음,https://www.2xu.kr/data/goods/20/05/22//1000001568/1000001568_detail_113.jpg
X0ML11681WHT,얼티밋 트리콧 트레이닝 자켓,,https://www.2xu.kr/goods/goods_view.php?goodsNo=1000002007,새 상품,"97,300원",재고 있음,https://www.2xu.kr/data/goods/20/05/22//1000001562/1000001562_main_01.jpg
X0ML11661PNK,에어로 엑스 트레이닝 자켓,,https://www.2xu.kr/goods/goods_view.php?goodsNo=1000002006,새 상품,"125,300원",재고 있음,https://www.2xu.kr/data/goods/20/05/22//1000001562/1000001562_detail_138.jpg
X0ML11661BLK,에어로 엑스 트레이닝 자켓,,https://www.2xu.kr/goods/goods_view.php?goodsNo=1000002005,새 상품,"125,300원",재고 있음,https://www.2xu.kr/data/goods/20/05/22//1000001561/1000001561_main_080.jpg
X0ML2B352_BLK,액티브 경기복 트라이수트,,https://www.2xu.kr/goods/goods_view.php?goodsNo=1000001486,새 상품,"125,300원",재고 있음,https://www.2xu.kr/data/goods/20/05/22//1000001561/1000001561_detail_182.jpg
X0GL11771_BLK,데이브레이크 트레이닝 팬츠,,https://www.2xu.kr/goods/goods_view.php?goodsNo=1000001427,새 상품,"69,300원",재고 있음,https://www.2xu.kr/data/goods/20/05/22//1000001560/1000001560_main_017.jpg
X0ML19861_BLK,GHST 롬퍼 수트,,https://www.2xu.kr/goods/goods_view.php?goodsNo=1000001373,새 상품,"90,300원",재고 있음,https://www.2xu.kr/data/goods/20/05/22//1000001560/1000001560_detail_11.jpg
XVFU10101_BLK,레브백팩,,https://www.2xu.kr/goods/goods_view.php?goodsNo=1000001027,새 상품,"101,400원",재고 있음,https://www.2xu.kr/data/goods/20/05/22//1000001550/1000001550_main_023.jpg
XVFU10101_NVY,레브백팩,,https://www.2xu.kr/goods/goods_view.php?goodsNo=1000001026,새 상품,"101,400원",재고 있음,https://www.2xu.kr/data/goods/20/05/22//1000001550/1000001550_detail_188.jpg
XVFU10102_BLK,펀챌 백팩,,https://www.2xu.kr/goods/goods_view.php?goodsNo=1000001025,새 상품,"95,400원",재고 있음,https://www.2xu.kr/data/goods/20/05/22//1000001544/1000001544_main_052.jpg
XVS0122_BLK,질롱 워터백,,https://www.2xu.kr/goods/goods_view.php?goodsNo=1000000855,새 상품,"22,800원",재고 있음,https://www.2xu.kr/data/goods/20/05/22//1000001544/1000001544_detail_140.jpg
XVS0125_BLK,푸콘 베스트팩,,https://www.2xu.kr/goods/goods_view.php?goodsNo=1000000822,새 상품,"95,400원",재고 있음,https://www.2xu.kr/data/goods/20/05/22//1000001543/1000001543_main_046.jpg
XVS0213_GRY,퍼포먼스 런 바이저,,https://www.2xu.kr/goods/goods_view.php?goodsNo=1000000810,새 상품,"23,400원",재고 있음,https://www.2xu.kr/data/goods/20/05/22//1000001543/1000001543_detail_183.jpg
XVS0113_BLK,시더 크로스백,,https://www.2xu.kr/goods/goods_view.php?goodsNo=1000000792,새 상품,"101,400원",재고 있음,https://www.2xu.kr/data/goods/20/05/22//1000001542/1000001542_main_019.jpg
XVS0115_BLK,알란야 슬링백,,https://www.2xu.kr/goods/goods_view.php?goodsNo=1000000791,새 상품,"77,400원",재고 있음,https://www.2xu.kr/data/goods/20/05/22//1000001542/1000001542_detail_247.jpg
XVS0112_BLK,멘로 크로스백,,https://www.2xu.kr/goods/goods_view.php?goodsNo=1000000790,새 상품,"71,400원",재고 있음,https://www.2xu.kr/data/goods/20/05/22//1000001541/1000001541_main_066.jpg
XVS0110_GRY,비쉬 백팩,,https://www.2xu.kr/goods/goods_view.php?goodsNo=1000000789,새 상품,"113,400원",재고 있음,https://www.2xu.kr/data/goods/20/05/22//1000001541/1000001541_detail_124.jpg
XVS0110_BLK,비쉬 백팩,,https://www.2xu.kr/goods/goods_view.php?goodsNo=1000000788,새 상품,"113,400원",재고 있음,https://www.2xu.kr/data/goods/20/04/16//1000001483/1000001483_main_015.jpg
XVS0209_BLK,유틸리티 포켓 캠프캡,,https://www.2xu.kr/goods/goods_view.php?goodsNo=1000000756,새 상품,"27,000원",재고 있음,https://www.2xu.kr/data/goods/20/04/16//1000001483/1000001483_detail_161.jpg
XVS0208_GRY,라이트 런캡,,https://www.2xu.kr/goods/goods_view.php?goodsNo=1000000753,새 상품,"22,800원",재고 있음,https://www.2xu.kr/data/goods/20/03/14//1000001420/1000001420_main_090.jpg
XVS0116_BLK,타우포 백팩,,https://www.2xu.kr/goods/goods_view.php?goodsNo=1000000749,새 상품,"137,400원",재고 있음,https://www.2xu.kr/data/goods/20/03/14//1000001420/register_detail_199.jpg
XVS0206_WHT,3M 프린트 볼캡,,https://www.2xu.kr/goods/goods_view.php?goodsNo=1000000730,새 상품,"27,000원",재고 있음,https://www.2xu.kr/data/goods/20/03/14//1000001419/1000001419_main_052.jpg
XVS0206_NVY,3M 프린트 볼캡,,https://www.2xu.kr/goods/goods_view.php?goodsNo=1000000729,새 상품,"27,000원",재고 있음,https://www.2xu.kr/data/goods/20/03/14//1000001419/register_detail_169.jpg
XVS0205_WHT,투톤 프린트 트러커,,https://www.2xu.kr/goods/goods_view.php?goodsNo=1000000727,새 상품,"27,000원",재고 있음,https://www.2xu.kr/data/goods/20/03/14//1000001418/1000001418_main_085.jpg
XVS0205_BLK,투톤 프린트 트러커,,https://www.2xu.kr/goods/goods_view.php?goodsNo=1000000726,새 상품,"27,000원",재고 있음,https://www.2xu.kr/data/goods/20/03/14//1000001418/register_detail_11.jpg
XVS0123_BLK,주리치 바디백,,https://www.2xu.kr/goods/goods_view.php?goodsNo=1000000723,새 상품,"59,400원",재고 있음,https://www.2xu.kr/data/goods/20/03/14//1000001423/1000001423_main_079.jpg
XVS0114_BLK,질리나 크로스백,,https://www.2xu.kr/goods/goods_view.php?goodsNo=1000000722,새 상품,"53,400원",재고 있음,https://www.2xu.kr/data/goods/20/03/14//1000001423/register_detail_188.jpg
XVS0111_BLK,크루스 크로스백,,https://www.2xu.kr/goods/goods_view.php?goodsNo=1000000721,새 상품,"101,400원",재고 있음,https://www.2xu.kr/data/goods/20/03/14//1000001405/1000001405_main_066.jpg
XVS0102_BLK,네이플스 백팩,,https://www.2xu.kr/goods/goods_view.php?goodsNo=1000000720,새 상품,"95,400원",재고 있음,https://www.2xu.kr/data/goods/20/03/14//1000001405/register_detail_11.jpg
XVS0109_BLK,다바오 토트백,,https://www.2xu.kr/goods/goods_view.php?goodsNo=1000000719,새 상품,"59,400원",재고 있음,https://www.2xu.kr/data/goods/20/03/14//1000001404/1000001404_main_082.jpg
XVS0108_BLK,모젤 크로스백,,https://www.2xu.kr/goods/goods_view.php?goodsNo=1000000718,새 상품,"47,400원",재고 있음,https://www.2xu.kr/data/goods/20/03/14//1000001404/register_detail_140.jpg
XVS0101_GRY,오아후 백팩,,https://www.2xu.kr/goods/goods_view.php?goodsNo=1000000717,새 상품,"107,400원",재고 있음,https://www.2xu.kr/data/goods/20/03/13//1000001387/1000001387_main_048.jpg
XVS0101_BLK,오아후 백팩,,https://www.2xu.kr/goods/goods_view.php?goodsNo=1000000716,새 상품,"107,400원",재고 있음,https://www.2xu.kr/data/goods/20/03/13//1000001387/register_detail_196.jpg
XVS0204_WHT,메쉬 볼캡,,https://www.2xu.kr/goods/goods_view.php?goodsNo=1000000693,새 상품,"25,800원",재고 있음,https://www.2xu.kr/data/goods/20/03/13//1000001393/1000001393_main_056.jpg
XVS0204_BLU,메쉬 볼캡,,https://www.2xu.kr/goods/goods_view.php?goodsNo=1000000692,새 상품,"25,800원",재고 있음,https://www.2xu.kr/data/goods/20/03/13//1000001393/register_detail_197.jpg
XVS0204_BLK,메쉬 볼캡,,https://www.2xu.kr/goods/goods_view.php?goodsNo=1000000691,새 상품,"25,800원",재고 있음,https://www.2xu.kr/data/goods/20/03/13//1000001395/1000001395_main_079.jpg
XVS0202_NVY,빅로고 스냅백,,https://www.2xu.kr/goods/goods_view.php?goodsNo=1000000690,새 상품,"25,800원",재고 있음,https://www.2xu.kr/data/goods/20/03/13//1000001395/register_detail_147.jpg
XVS0202_GRY,빅로고 스냅백,,https://www.2xu.kr/goods/goods_view.php?goodsNo=1000000689,새 상품,"25,800원",재고 있음,https://www.2xu.kr/data/goods/20/03/13//1000001380/1000001380_main_093.jpg
XVS0202_BLK,빅로고 스냅백,,https://www.2xu.kr/goods/goods_view.php?goodsNo=1000000688,새 상품,"25,800원",재고 있음,https://www.2xu.kr/data/goods/20/03/13//1000001380/register_detail_191.jpg
XVS0201_WHT,빅로고 볼캡,,https://www.2xu.kr/goods/goods_view.php?goodsNo=1000000687,새 상품,"25,800원",재고 있음,https://www.2xu.kr/data/goods/20/03/13//1000001379/1000001379_main_059.jpg
XVS0201_GRY,빅로고 볼캡,,https://www.2xu.kr/goods/goods_view.php?goodsNo=1000000686,새 상품,"25,800원",재고 있음,https://www.2xu.kr/data/goods/20/03/13//1000001379/register_detail_199.jpg
XVS0201_BLK,빅로고 볼캡,,https://www.2xu.kr/goods/goods_view.php?goodsNo=1000000685,새 상품,"25,800원",재고 있음,https://www.2xu.kr/data/goods/20/03/13//1000001378/1000001378_main_088.jpg
XVS0107_BLK,볼더 슬링백,,https://www.2xu.kr/goods/goods_view.php?goodsNo=1000000684,새 상품,"71,400원",재고 있음,https://www.2xu.kr/data/goods/20/03/13//1000001378/register_detail_156.jpg
XVS0106_NVY,넬슨 백팩,,https://www.2xu.kr/goods/goods_view.php?goodsNo=1000000683,새 상품,"95,400원",재고 있음,https://www.2xu.kr/data/goods/20/03/13//1000001377/1000001377_main_066.jpg
XVS0106_BLK,넬슨 백팩,,https://www.2xu.kr/goods/goods_view.php?goodsNo=1000000682,새 상품,"95,400원",재고 있음,https://www.2xu.kr/data/goods/20/03/13//1000001377/register_detail_12.jpg
XVS0105_GRY,던디 백팩,,https://www.2xu.kr/goods/goods_view.php?goodsNo=1000000681,새 상품,"89,400원",재고 있음,https://www.2xu.kr/data/goods/18/08/32/1000000480/1000000480_main_028.jpg
XVS0105_BLK,던디 백팩,,https://www.2xu.kr/goods/goods_view.php?goodsNo=1000000680,새 상품,"89,400원",재고 있음,https://www.2xu.kr/data/goods/18/08/32/1000000480/1000000480_detail_136.jpg
XVS0104_NVY,브리비 백팩,,https://www.2xu.kr/goods/goods_view.php?goodsNo=1000000679,새 상품,"83,400원",재고 있음,http://dongin2xu.godohosting.com//goods/20/12/52/1000002127/1000002127_main_0100.JPG
XVS0104_BLK,브리비 백팩,,https://www.2xu.kr/goods/goods_view.php?goodsNo=1000000678,새 상품,"83,400원",재고 있음,http://dongin2xu.godohosting.com//goods/20/12/52/1000002127/1000002127_detail_148.JPG
XVS0103_GRY,템피 백팩,,https://www.2xu.kr/goods/goods_view.php?goodsNo=1000000677,새 상품,"107,400원",재고 있음,http://dongin2xu.godohosting.com//goods/20/12/52/1000002126/1000002126_main_031.JPG
XVS0103_BLK,템피 백팩,,https://www.2xu.kr/goods/goods_view.php?goodsNo=1000000676,새 상품,"107,400원",재고 있음,http://dongin2xu.godohosting.com//goods/20/12/52/1000002126/1000002126_detail_117.JPG
XUMZ482_PPP,UNISEX PERFORMANCE VISOR,,https://www.2xu.kr/goods/goods_view.php?goodsNo=1000000642,새 상품,"11,600원",재고 있음,http://dongin2xu.godohosting.com//goods/20/12/52/1000002125/1000002125_main_090.jpg
XUM0330_WHT,WOMEN X DEVICE VISOR,,https://www.2xu.kr/goods/goods_view.php?goodsNo=1000000626,새 상품,"19,600원",재고 있음,http://dongin2xu.godohosting.com//goods/20/12/52/1000002125/1000002125_detail_168.jpg
XUM0271_BUD,WOMEN BLOSSOM CAP,,https://www.2xu.kr/goods/goods_view.php?goodsNo=1000000625,새 상품,"23,600원",재고 있음,http://dongin2xu.godohosting.com//goods/20/12/52/1000002124/1000002124_main_010.jpg
XUM0270_RED,WOMEN WELDING X CAP,,https://www.2xu.kr/goods/goods_view.php?goodsNo=1000000624,새 상품,"19,600원",재고 있음,http://dongin2xu.godohosting.com//goods/20/12/52/1000002124/1000002124_detail_15.jpg
XUM0173_BLK,WOMEN MULTIPLE PACK,,https://www.2xu.kr/goods/goods_view.php?goodsNo=1000000621,새 상품,"63,600원",재고 있음,http://dongin2xu.godohosting.com//goods/20/12/52/1000002105/1000002105_main_081.jpg
XUM0170_WHT,WOMEN EXTEND DUFFLE BAG,,https://www.2xu.kr/goods/goods_view.php?goodsNo=1000000620,새 상품,"51,600원",재고 있음,http://dongin2xu.godohosting.com//goods/20/12/52/1000002105/1000002105_detail_143.jpg
XULZ383_LPK,UNISEX RUN CAP,,https://www.2xu.kr/goods/goods_view.php?goodsNo=1000000585,새 상품,"35,000원",재고 있음,http://dongin2xu.godohosting.com//goods/20/12/52/1000002104/1000002104_main_085.jpg
XULZ383_BLK,UNISEX RUN CAP,,https://www.2xu.kr/goods/goods_view.php?goodsNo=1000000584,새 상품,"35,000원",재고 있음,http://dongin2xu.godohosting.com//goods/20/12/52/1000002104/1000002104_detail_125.jpg
XULF273_WHT,피트니스 미드라이즈 컴프레션 타이츠,,https://www.2xu.kr/goods/goods_view.php?goodsNo=1000000547,새 상품,"89,000원",재고 있음,http://dongin2xu.godohosting.com//goods/20/12/52/1000002103/1000002103_main_079.jpg
XULY384_NER,UNISEX FLEX 컴프레션 암가드 FOR RECOVERY (PAIR),,https://www.2xu.kr/goods/goods_view.php?goodsNo=1000000539,새 상품,"69,000원",재고 있음,http://dongin2xu.godohosting.com//goods/20/12/52/1000002103/1000002103_detail_154.jpg
XULZ384_BLK,UNISEX REFLECTIVE PEAK RUN CAP,,https://www.2xu.kr/goods/goods_view.php?goodsNo=1000000489,새 상품,"15,600원",재고 있음,http://dongin2xu.godohosting.com//goods/20/12/52/1000002102/1000002102_main_075.jpg
XULY582_BLK,UNISEX VECTR CUSHION CREW SOCKS,,https://www.2xu.kr/goods/goods_view.php?goodsNo=1000000483,새 상품,"25,000원",재고 있음,http://dongin2xu.godohosting.com//goods/20/12/52/1000002102/1000002102_detail_19.jpg
XULY581_BLK,UNISEX VECTR ULTRALIGHT CREW SOCKS,,https://www.2xu.kr/goods/goods_view.php?goodsNo=1000000481,새 상품,"25,000원",재고 있음,http://dongin2xu.godohosting.com//goods/20/12/52/1000002101/1000002101_main_064.jpg
XULY570_DGY,WOMEN COMPRESSION SOCKS FOR RECOVERY,,https://www.2xu.kr/goods/goods_view.php?goodsNo=1000000478,새 상품,"55,000원",재고 있음,http://dongin2xu.godohosting.com//goods/20/12/52/1000002101/1000002101_detail_181.jpg
XULY570_BLK,WOMEN COMPRESSION SOCKS FOR RECOVERY,,https://www.2xu.kr/goods/goods_view.php?goodsNo=1000000477,새 상품,"55,000원",재고 있음,http://dongin2xu.godohosting.com//goods/20/12/52/1000002100/1000002100_main_08.jpg
XULR150_NER,리프레쉬 리커버리 컴프레션 상의,,https://www.2xu.kr/goods/goods_view.php?goodsNo=1000000433,새 상품,"139,000원",재고 있음,http://dongin2xu.godohosting.com//goods/20/12/52/1000002100/1000002100_detail_132.jpg
XULF275_SLV,피트니스 컴프레션 타이츠 (7부),,https://www.2xu.kr/goods/goods_view.php?goodsNo=1000000404,새 상품,"89,000원",재고 있음,http://dongin2xu.godohosting.com//goods/20/12/52/1000002099/1000002099_main_081.jpg
XULF273_HPK,피트니스 미드라이즈 컴프레션 타이츠,,https://www.2xu.kr/goods/goods_view.php?goodsNo=1000000403,새 상품,"89,000원",재고 있음,http://dongin2xu.godohosting.com//goods/20/12/52/1000002099/1000002099_detail_157.jpg
XULF271_DNV,프린트 피트니스 하이라이즈 컴프레션 타이츠,,https://www.2xu.kr/goods/goods_view.php?goodsNo=1000000402,새 상품,"99,000원",재고 있음,http://dongin2xu.godohosting.com//goods/20/12/52/1000002096/1000002096_main_056.jpg
XULF270_GRN,피트니스 하이라이즈 컴프레션 타이츠,,https://www.2xu.kr/goods/goods_view.php?goodsNo=1000000401,새 상품,"99,000원",재고 있음,http://dongin2xu.godohosting.com//goods/20/12/52/1000002096/1000002096_detail_192.jpg
XULF269_SLV,피트니스 컴프레션 타이츠,,https://www.2xu.kr/goods/goods_view.php?goodsNo=1000000400,새 상품,"99,000원",재고 있음,http://dongin2xu.godohosting.com//goods/20/12/52/1000002088/1000002088_main_064.jpg
XULE267_SRF,리플렉트 런 미드라이즈 컴프레션 타이츠 (포켓),,https://www.2xu.kr/goods/goods_view.php?goodsNo=1000000399,새 상품,"139,000원",재고 있음,http://dongin2xu.godohosting.com//goods/20/12/52/1000002088/1000002088_detail_155.jpg
XULD269_HPK,미드라이즈 컴프레션 타이츠,,https://www.2xu.kr/goods/goods_view.php?goodsNo=1000000397,새 상품,"109,000원",재고 있음,http://dongin2xu.godohosting.com//goods/20/12/52/1000002087/1000002087_main_045.jpg
XULD269_CMG,미드라이즈 컴프레션 타이츠,,https://www.2xu.kr/goods/goods_view.php?goodsNo=1000000396,새 상품,"109,000원",재고 있음,http://dongin2xu.godohosting.com//goods/20/12/52/1000002087/1000002087_detail_196.jpg
XULD269_BRF,미드라이즈 컴프레션 타이츠,,https://www.2xu.kr/goods/goods_view.php?goodsNo=1000000395,새 상품,"109,000원",재고 있음,http://dongin2xu.godohosting.com//goods/20/12/52/1000002086/1000002086_main_051.jpg
XULD268_DGY,프린트 미드라이즈 컴프레션 타이츠,,https://www.2xu.kr/goods/goods_view.php?goodsNo=1000000394,새 상품,"119,000원",재고 있음,http://dongin2xu.godohosting.com//goods/20/12/52/1000002086/1000002086_detail_142.jpg
XULD268_GRN,프린트 미드라이즈 컴프레션 타이츠,,https://www.2xu.kr/goods/goods_view.php?goodsNo=1000000393,새 상품,"119,000원",재고 있음,http://dongin2xu.godohosting.com//goods/20/12/52/1000002079/1000002079_main_09.jpg
XULD268_BLK,프린트 미드라이즈 컴프레션 타이츠,,https://www.2xu.kr/goods/goods_view.php?goodsNo=1000000392,새 상품,"119,000원",재고 있음,http://dongin2xu.godohosting.com//goods/20/12/52/1000002079/1000002079_detail_187.jpg
XULD267_WHT,본디드 미드라이즈 컴프레션 타이츠,,https://www.2xu.kr/goods/goods_view.php?goodsNo=1000000391,새 상품,"139,000원",재고 있음,http://dongin2xu.godohosting.com//goods/20/12/52/1000002078/1000002078_main_054.jpg
XULC275_SRF,런 미드라이즈 컴프레션 타이츠 (7부 포켓),,https://www.2xu.kr/goods/goods_view.php?goodsNo=1000000390,새 상품,"99,000원",재고 있음,http://dongin2xu.godohosting.com//goods/20/12/52/1000002078/1000002078_detail_195.jpg
XULC275_BRF,런 미드라이즈 컴프레션 타이츠 (7부 포켓),,https://www.2xu.kr/goods/goods_view.php?goodsNo=1000000389,새 상품,"99,000원",재고 있음,http://dongin2xu.godohosting.com//goods/20/12/52/1000002077/1000002077_main_098.jpg
XULF272_BLU,프린트 피트니스 미드라이즈 컴프레션 타이츠,,https://www.2xu.kr/goods/goods_view.php?goodsNo=1000000375,새 상품,"89,000원",재고 있음,http://dongin2xu.godohosting.com//goods/20/12/52/1000002077/1000002077_detail_154.jpg
XULF272_DNV,프린트 피트니스 미드라이즈 컴프레션 타이츠,,https://www.2xu.kr/goods/goods_view.php?goodsNo=1000000374,새 상품,"89,000원",재고 있음,http://dongin2xu.godohosting.com//goods/20/12/52/1000002076/1000002076_main_043.jpg
XULD269_WHT,미드라이즈 컴프레션 타이츠,,https://www.2xu.kr/goods/goods_view.php?goodsNo=1000000364,새 상품,"109,000원",재고 있음,http://dongin2xu.godohosting.com//goods/20/12/52/1000002076/1000002076_detail_184.jpg
XUMZ381_PPP,WOMEN RUN CAP,,https://www.2xu.kr/goods/goods_view.php?goodsNo=1000000356,새 상품,"15,600원",재고 있음,http://dongin2xu.godohosting.com//goods/20/12/52/1000002075/1000002075_main_017.jpg
XULC263_SLV,코어 컴프레션 타이츠,,https://www.2xu.kr/goods/goods_view.php?goodsNo=1000000331,새 상품,"109,000원",재고 있음,http://dongin2xu.godohosting.com//goods/20/12/52/1000002075/1000002075_detail_146.jpg
XULC263_NER,코어 컴프레션 타이츠,,https://www.2xu.kr/goods/goods_view.php?goodsNo=1000000330,새 상품,"109,000원",재고 있음,http://dongin2xu.godohosting.com//goods/20/12/52/1000002074/1000002074_main_081.jpg
XULC263_CMG,코어 컴프레션 타이츠,,https://www.2xu.kr/goods/goods_view.php?goodsNo=1000000329,새 상품,"109,000원",재고 있음,http://dongin2xu.godohosting.com//goods/20/12/52/1000002074/1000002074_detail_147.jpg
XULC154_SLV,컴프레션 민소매,,https://www.2xu.kr/goods/goods_view.php?goodsNo=1000000320,새 상품,"89,000원",재고 있음,http://dongin2xu.godohosting.com//goods/20/12/52/1000002030/1000002030_main_09.jpg
XULC153_SLV,컴프레션 반팔 상의,,https://www.2xu.kr/goods/goods_view.php?goodsNo=1000000319,새 상품,"99,000원",재고 있음,http://dongin2xu.godohosting.com//goods/20/12/52/1000002030/1000002030_detail_153.jpg
XULC150_SLV,컴프레션 상의,,https://www.2xu.kr/goods/goods_view.php?goodsNo=1000000318,새 상품,"99,000원",재고 있음,http://dongin2xu.godohosting.com//goods/20/12/52/1000002029/1000002029_main_081.jpg
XULA268_DBK,프린트 악셀러레이트 컴프레션 타이츠,,https://www.2xu.kr/goods/goods_view.php?goodsNo=1000000316,새 상품,"119,000원",재고 있음,http://dongin2xu.godohosting.com//goods/20/12/52/1000002029/1000002029_detail_198.jpg
XUM0270_WHT,WOMEN WELDING X CAP,,https://www.2xu.kr/goods/goods_view.php?goodsNo=1000000198,새 상품,"19,600원",재고 있음,http://dongin2xu.godohosting.com//goods/20/12/52/1000002028/1000002028_main_029.jpg
XUM0271_BLK,WOMEN BLOSSOM CAP,,https://www.2xu.kr/goods/goods_view.php?goodsNo=1000000181,새 상품,"23,600원",재고 있음,http://dongin2xu.godohosting.com//goods/20/12/52/1000002028/1000002028_detail_128.jpg
XUM0171_BLK,EMBO PRINT DUFFLE BAG,,https://www.2xu.kr/goods/goods_view.php?goodsNo=1000000158,새 상품,"51,600원",재고 있음,http://dongin2xu.godohosting.com//goods/20/12/52/1000002027/1000002027_main_029.jpg
XUM0173_NVY,WOMEN MULTIPLE PACK,,https://www.2xu.kr/goods/goods_view.php?goodsNo=1000000126,새 상품,"63,600원",재고 있음,http://dongin2xu.godohosting.com//goods/20/12/52/1000002027/1000002027_detail_122.jpg
XUM0172_BLK,WOMEN STUDIO DUFFLE BAG,,https://www.2xu.kr/goods/goods_view.php?goodsNo=1000000125,새 상품,"71,600원",재고 있음,http://dongin2xu.godohosting.com//goods/20/12/52/1000002026/1000002026_main_092.jpg
XUM0170_DMG,WOMEN EXTEND DUFFLE BAG,,https://www.2xu.kr/goods/goods_view.php?goodsNo=1000000124,새 상품,"51,600원",재고 있음,http://dongin2xu.godohosting.com//goods/20/12/52/1000002026/1000002026_detail_113.jpg
XUMZ381_BLL,WOMEN RUN CAP,,https://www.2xu.kr/goods/goods_view.php?goodsNo=1000000077,새 상품,"15,600원",재고 있음,http://dongin2xu.godohosting.com//goods/20/12/52/1000002019/1000002019_main_047.jpg
XUMZ570_BLL,WOMEN STUDIO BACKPACK,,https://www.2xu.kr/goods/goods_view.php?goodsNo=1000000072,새 상품,"39,600원",재고 있음,http://dongin2xu.godohosting.com//goods/20/12/52/1000002019/1000002019_detail_190.jpg
XUMZ582_BLL,TRANSITION BAG (UNISEX),,https://www.2xu.kr/goods/goods_view.php?goodsNo=1000000071,새 상품,"63,600원",재고 있음,http://dongin2xu.godohosting.com//goods/20/12/52/1000002018/1000002018_main_091.jpg
XUMZ581_BLL,DISTANCE BACKPACK (UNISEX),,https://www.2xu.kr/goods/goods_view.php?goodsNo=1000000065,새 상품,"63,600원",재고 있음,http://dongin2xu.godohosting.com//goods/20/12/52/1000002018/1000002018_detail_139.jpg
