X0LL2C254NRO,컴프레션 레깅스,,https://www.2xu.kr/goods/goods_view.php?goodsNo=1000001883,새 상품,109000 KRW,재고 있음,http://dongin2xu.godohosting.com//goods/20/11/48/1000001883/1000001883_main_05.jpg
X0LL2C254SLV,컴프레션 레깅스,,https://www.2xu.kr/goods/goods_view.php?goodsNo=1000001884,새 상품,109000 KRW,재고 있음,http://dongin2xu.godohosting.com//goods/20/11/48/1000001884/1000001884_main_023.jpg
X0LL2C253SLV,방풍 컴프레션 레깅스,,https://www.2xu.kr/goods/goods_view.php?goodsNo=1000001886,새 상품,129000 KRW,재고 있음,http://dongin2xu.godohosting.com//goods/20/11/48/1000001886/1000001886_main_017.jpg
X0LL2M251BLK,MCS Run 컴프레션 레깅스,,https://www.2xu.kr/goods/goods_view.php?goodsNo=1000001887,새 상품,139000 KRW,재고 있음,http://dongin2xu.godohosting.com//goods/20/11/48/1000001887/1000001887_main_060.jpg
X0LL2M251PNK,MCS Run 컴프레션 레깅스,,https://www.2xu.kr/goods/goods_view.php?goodsNo=1000001888,새 상품,139000 KRW,재고 있음,http://dongin2xu.godohosting.com//goods/20/11/48/1000001888/1000001888_main_088.jpg
X0LL2M251GLD,MCS Run 컴프레션 레깅스,,https://www.2xu.kr/goods/goods_view.php?goodsNo=1000001889,새 상품,139000 KRW,재고 있음,http://dongin2xu.godohosting.com//goods/20/11/48/1000001889/1000001889_main_078.jpg
X0LL2R251NRO,파워 리커버리 컴프레션 레깅스,,https://www.2xu.kr/goods/goods_view.php?goodsNo=1000001891,새 상품,169000 KRW,재고 있음,http://dongin2xu.godohosting.com//goods/20/11/48/1000001891/1000001891_main_048.jpg
X0LL2R252NRO,리프레쉬 리커버리 컴프레션 레깅스,,https://www.2xu.kr/goods/goods_view.php?goodsNo=1000001892,새 상품,129000 KRW,재고 있음,http://dongin2xu.godohosting.com//goods/20/11/48/1000001892/1000001892_main_09.jpg
X0LL25155BLU,XVENT G2 반팔티,,https://www.2xu.kr/goods/goods_view.php?goodsNo=1000001893,새 상품,48300 KRW,재고 있음,http://dongin2xu.godohosting.com//goods/20/11/48/1000001893/1000001893_main_098.jpg
X0LL25155PNK,XVENT G2 반팔티,,https://www.2xu.kr/goods/goods_view.php?goodsNo=1000001894,새 상품,48300 KRW,재고 있음,http://dongin2xu.godohosting.com//goods/20/11/48/1000001894/1000001894_main_088.jpg
X0LL25155BLK,XVENT G2 반팔티,,https://www.2xu.kr/goods/goods_view.php?goodsNo=1000001895,새 상품,48300 KRW,재고 있음,http://dongin2xu.godohosting.com//goods/20/11/48/1000001895/1000001895_main_030.jpg
X0LL2C154BLK,기모 컴프레션 긴팔티,,https://www.2xu.kr/goods/goods_view.php?goodsNo=1000001745,새 상품,119000 KRW,재고 있음,http://dongin2xu.godohosting.com//goods/20/10/42/1000001745/1000001745_main_047.jpg
X0LL2C152BLK,컴프레션 반팔티,,https://www.2xu.kr/goods/goods_view.php?goodsNo=1000001744,새 상품,99000 KRW,재고 있음,http://dongin2xu.godohosting.com//goods/20/10/42/1000001744/1000001744_main_044.jpg
X0LL2H250BLU,하이라이즈 컴프레션 레깅스,,https://www.2xu.kr/goods/goods_view.php?goodsNo=1000001742,새 상품,129000 KRW,재고 있음,http://dongin2xu.godohosting.com//goods/20/10/42/1000001742/1000001742_main_011.jpg
X0LL2F258BUD,FITNESS 뉴 하이츠 컴프레션 레깅스,,https://www.2xu.kr/goods/goods_view.php?goodsNo=1000001741,새 상품,109000 KRW,재고 있음,http://dongin2xu.godohosting.com//goods/20/10/42/1000001741/1000001741_main_028.jpg
X0LL2F258BLK,FITNESS 뉴 하이츠 컴프레션 레깅스,,https://www.2xu.kr/goods/goods_view.php?goodsNo=1000001740,새 상품,109000 KRW,재고 있음,http://dongin2xu.godohosting.com//goods/20/10/42/1000001740/1000001740_main_097.jpg
X0LL2T851PNK,PERFORM 미디엄 임팩트 브라탑,,https://www.2xu.kr/goods/goods_view.php?goodsNo=1000001739,새 상품,48300 KRW,재고 있음,http://dongin2xu.godohosting.com//goods/20/10/42/1000001739/1000001739_main_072.jpg
X0LL2T851BLK,PERFORM 미디엄 임팩트 브라탑,,https://www.2xu.kr/goods/goods_view.php?goodsNo=1000001738,새 상품,48300 KRW,재고 있음,http://dongin2xu.godohosting.com//goods/20/10/42/1000001738/1000001738_main_078.jpg
X0LL2T852BLU,PERFORM 미디엄 임팩트 브라탑,,https://www.2xu.kr/goods/goods_view.php?goodsNo=1000001737,새 상품,48300 KRW,재고 있음,http://dongin2xu.godohosting.com//goods/20/10/42/1000001737/1000001737_main_052.jpg
X0LL2T854BLU,ACTIVE 미디엄 임팩트 브라탑,,https://www.2xu.kr/goods/goods_view.php?goodsNo=1000001736,새 상품,48300 KRW,재고 있음,http://dongin2xu.godohosting.com//goods/20/10/42/1000001736/1000001736_main_08.jpg
X0LL2T853WHT,ACTIVE 롱라인 미디엄 임팩트 브라탑,,https://www.2xu.kr/goods/goods_view.php?goodsNo=1000001735,새 상품,48300 KRW,재고 있음,http://dongin2xu.godohosting.com//goods/20/10/42/1000001735/1000001735_main_043.jpg
X0LL27151BLK,XVENT 우븐 조거 팬츠,,https://www.2xu.kr/goods/goods_view.php?goodsNo=1000001734,새 상품,83300 KRW,재고 있음,http://dongin2xu.godohosting.com//goods/20/10/42/1000001734/1000001734_main_020.jpg
X0LL23151DMG,히트 베이스 레이어 긴팔티,,https://www.2xu.kr/goods/goods_view.php?goodsNo=1000001727,새 상품,48300 KRW,재고 있음,http://dongin2xu.godohosting.com//goods/20/10/41/1000001727/1000001727_main_058.jpg
X0LU2Y303BLK,FLEX RUN 컴프레션 암가드,,https://www.2xu.kr/goods/goods_view.php?goodsNo=1000001698,새 상품,59000 KRW,재고 있음,http://dongin2xu.godohosting.com//goods/20/10/41/1000001698/1000001698_main_073.jpg
X0WL21051BLK,퍼수트 인슐레이션 자켓,,https://www.2xu.kr/goods/goods_view.php?goodsNo=1000001694,새 상품,195300 KRW,재고 있음,http://dongin2xu.godohosting.com//goods/20/10/41/1000001694/1000001694_main_019.jpg
X0LL11682BLK,얼티밋 트레이닝 자켓,,https://www.2xu.kr/goods/goods_view.php?goodsNo=1000001688,새 상품,97300 KRW,재고 있음,http://dongin2xu.godohosting.com//goods/20/10/41/1000001688/1000001688_main_050.jpg
X0LL11682WHT,얼티밋 트레이닝 자켓,,https://www.2xu.kr/goods/goods_view.php?goodsNo=1000001689,새 상품,97300 KRW,재고 있음,http://dongin2xu.godohosting.com//goods/20/10/41/1000001689/1000001689_main_041.jpg
X0LL11782BLK,얼티밋 트레이닝 팬츠,,https://www.2xu.kr/goods/goods_view.php?goodsNo=1000001690,새 상품,76300 KRW,재고 있음,http://dongin2xu.godohosting.com//goods/20/10/41/1000001690/1000001690_main_015.jpg
X0LL11461BLK,프라임플렉스 스트레치 자켓,,https://www.2xu.kr/goods/goods_view.php?goodsNo=1000001686,새 상품,139300 KRW,재고 있음,http://dongin2xu.godohosting.com//goods/20/10/41/1000001686/1000001686_main_077.jpg
X0LL11461IVY,프라임플렉스 스트레치 자켓,,https://www.2xu.kr/goods/goods_view.php?goodsNo=1000001687,새 상품,139300 KRW,재고 있음,http://dongin2xu.godohosting.com//goods/20/10/41/1000001687/1000001687_main_025.jpg
X0WL11462BLK,프라임플렉스 아노락 자켓,,https://www.2xu.kr/goods/goods_view.php?goodsNo=1000001685,새 상품,125300 KRW,재고 있음,http://dongin2xu.godohosting.com//goods/20/10/41/1000001685/1000001685_main_017.jpg
X0WL11462LPK,프라임플렉스 아노락 자켓,,https://www.2xu.kr/goods/goods_view.php?goodsNo=1000001684,새 상품,125300 KRW,재고 있음,http://dongin2xu.godohosting.com//goods/20/10/41/1000001684/1000001684_main_099.jpg
X0LL13891DPK0851,데이아웃 스웨트셔츠,,https://www.2xu.kr/goods/goods_view.php?goodsNo=1000001677,새 상품,69300 KRW,재고 있음,http://dongin2xu.godohosting.com//goods/20/09/39/1000001677/1000001677_main_013.jpg
X0LL13891BLK0823,데이아웃 스웨트셔츠,,https://www.2xu.kr/goods/goods_view.php?goodsNo=1000001676,새 상품,69300 KRW,재고 있음,http://dongin2xu.godohosting.com//goods/20/09/39/1000001676/1000001676_main_097.jpg
X0LL13794DPK0753,데이아웃 후디,,https://www.2xu.kr/goods/goods_view.php?goodsNo=1000001675,새 상품,90300 KRW,재고 있음,http://dongin2xu.godohosting.com//goods/20/09/39/1000001675/1000001675_main_056.jpg
X0LL13794BLK0727,데이아웃 후디,,https://www.2xu.kr/goods/goods_view.php?goodsNo=1000001674,새 상품,90300 KRW,재고 있음,http://dongin2xu.godohosting.com//goods/20/09/39/1000001674/1000001674_main_032.jpg
X0LL11761LPK0459,에어로 트리코트 트레이닝 팬츠,,https://www.2xu.kr/goods/goods_view.php?goodsNo=1000001672,새 상품,69300 KRW,재고 있음,http://dongin2xu.godohosting.com//goods/20/09/39/1000001672/1000001672_main_039.jpg
X0LL11661NVY0250,에어로 트리코트 트레이닝 자켓,,https://www.2xu.kr/goods/goods_view.php?goodsNo=1000001671,새 상품,90300 KRW,재고 있음,http://dongin2xu.godohosting.com//goods/20/09/39/1000001671/1000001671_main_043.jpg
X0LL11661LPK0223,에어로 트리코트 트레이닝 자켓,,https://www.2xu.kr/goods/goods_view.php?goodsNo=1000001670,새 상품,90300 KRW,재고 있음,http://dongin2xu.godohosting.com//goods/20/09/39/1000001670/1000001670_main_015.jpg
X0LL11491BLK0159,데이아웃 롱 자켓,,https://www.2xu.kr/goods/goods_view.php?goodsNo=1000001638,새 상품,111300 KRW,재고 있음,http://dongin2xu.godohosting.com//goods/20/09/37/1000001638/1000001638_main_046.jpg
X0LL11491WHT0248,데이아웃 롱 자켓,,https://www.2xu.kr/goods/goods_view.php?goodsNo=1000001639,새 상품,111300 KRW,재고 있음,http://dongin2xu.godohosting.com//goods/20/09/37/1000001639/1000001639_main_061.jpg
X0LL13892BLK2243,코듀로이 스웨트셔츠,,https://www.2xu.kr/goods/goods_view.php?goodsNo=1000001629,새 상품,83300 KRW,재고 있음,http://dongin2xu.godohosting.com//goods/20/09/36/1000001629/1000001629_main_02.jpg
X0LL13892LGY2321,코듀로이 스웨트셔츠,,https://www.2xu.kr/goods/goods_view.php?goodsNo=1000001630,새 상품,83300 KRW,재고 있음,http://dongin2xu.godohosting.com//goods/20/09/36/1000001630/1000001630_main_079.jpg
X0LL11792BLK0012,코듀로이 트레이닝 팬츠,,https://www.2xu.kr/goods/goods_view.php?goodsNo=1000001627,새 상품,76300 KRW,재고 있음,http://dongin2xu.godohosting.com//goods/20/09/36/1000001627/1000001627_main_039.jpg
X0LL11792LGY0048,코듀로이 트레이닝 팬츠,,https://www.2xu.kr/goods/goods_view.php?goodsNo=1000001628,새 상품,76300 KRW,재고 있음,http://dongin2xu.godohosting.com//goods/20/09/36/1000001628/1000001628_main_091.jpg
X0LL11692BLK5628,코듀로이 트레이닝 자켓,,https://www.2xu.kr/goods/goods_view.php?goodsNo=1000001625,새 상품,97300 KRW,재고 있음,http://dongin2xu.godohosting.com//goods/20/09/36/1000001625/1000001625_main_021.jpg
X0LL11692LGY5704,코듀로이 트레이닝 자켓,,https://www.2xu.kr/goods/goods_view.php?goodsNo=1000001626,새 상품,97300 KRW,재고 있음,http://dongin2xu.godohosting.com//goods/20/09/36/1000001626/1000001626_main_022.jpg
X0LL11771BLK4240,데이브레이크 트레이닝 팬츠,,https://www.2xu.kr/goods/goods_view.php?goodsNo=1000001621,새 상품,90300 KRW,재고 있음,http://dongin2xu.godohosting.com//goods/20/09/36/1000001621/1000001621_main_073.jpg
X0LL11771IVY4315,데이브레이크 트레이닝 팬츠,,https://www.2xu.kr/goods/goods_view.php?goodsNo=1000001622,새 상품,90300 KRW,재고 있음,http://dongin2xu.godohosting.com//goods/20/09/36/1000001622/1000001622_main_077.jpg
X0LL11671BLK2554,데이브레이크 트레이닝 자켓,,https://www.2xu.kr/goods/goods_view.php?goodsNo=1000001619,새 상품,111300 KRW,재고 있음,http://dongin2xu.godohosting.com//goods/20/09/36/1000001619/1000001619_main_015.jpg
X0LL11671IVY2629,데이브레이크 트레이닝 자켓,,https://www.2xu.kr/goods/goods_view.php?goodsNo=1000001620,새 상품,111300 KRW,재고 있음,http://dongin2xu.godohosting.com//goods/20/09/36/1000001620/1000001620_main_099.jpg
X0ML2B251_BLK,퍼폼 트라이 경기복 쇼츠,,https://www.2xu.kr/goods/goods_view.php?goodsNo=1000001568,새 상품,76300 KRW,재고 있음,https://www.2xu.kr/data/goods/20/05/22//1000001568/1000001568_main_048.jpg
X0ML2B151_CHA,퍼폼 경기복 트라이 민소매,,https://www.2xu.kr/goods/goods_view.php?goodsNo=1000001562,새 상품,76300 KRW,재고 있음,https://www.2xu.kr/data/goods/20/05/22//1000001562/1000001562_main_01.jpg
X0ML2B351_GLD,컴프레션 경기복 트라이수트,,https://www.2xu.kr/goods/goods_view.php?goodsNo=1000001561,새 상품,223300 KRW,재고 있음,https://www.2xu.kr/data/goods/20/05/22//1000001561/1000001561_main_080.jpg
X0ML2WE51_PNK,프로펠 웻수트,,https://www.2xu.kr/goods/goods_view.php?goodsNo=1000001560,새 상품,367500 KRW,재고 있음,https://www.2xu.kr/data/goods/20/05/22//1000001560/1000001560_main_017.jpg
X0ML29692_CHA,엔지니어 레깅스,,https://www.2xu.kr/goods/goods_view.php?goodsNo=1000001550,새 상품,48300 KRW,재고 있음,https://www.2xu.kr/data/goods/20/05/22//1000001550/1000001550_main_023.jpg
X0ML2X761_BLK,엑스벤티 G2레이서 민소매,,https://www.2xu.kr/goods/goods_view.php?goodsNo=1000001544,새 상품,34300 KRW,재고 있음,https://www.2xu.kr/data/goods/20/05/22//1000001544/1000001544_main_052.jpg
X0ML2V563_BLK,엑티브 프리 쇼츠,,https://www.2xu.kr/goods/goods_view.php?goodsNo=1000001543,새 상품,41300 KRW,재고 있음,https://www.2xu.kr/data/goods/20/05/22//1000001543/1000001543_main_046.jpg
X0ML2G562_BLK,"GHST 3"" 쇼츠",,https://www.2xu.kr/goods/goods_view.php?goodsNo=1000001542,새 상품,48300 KRW,재고 있음,https://www.2xu.kr/data/goods/20/05/22//1000001542/1000001542_main_019.jpg
X0ML2O262_SRF,런 미드 리세 대시 쇼츠,,https://www.2xu.kr/goods/goods_view.php?goodsNo=1000001541,새 상품,89000 KRW,재고 있음,https://www.2xu.kr/data/goods/20/05/22//1000001541/1000001541_main_066.jpg
X0ML2X461_BLK,XVENT G2 LS 탑,,https://www.2xu.kr/goods/goods_view.php?goodsNo=1000001483,새 상품,41300 KRW,재고 있음,https://www.2xu.kr/data/goods/20/04/16//1000001483/1000001483_main_015.jpg
X0GL13772_BLK,그란사 크롭 후디,,https://www.2xu.kr/goods/goods_view.php?goodsNo=1000001420,새 상품,83300 KRW,재고 있음,https://www.2xu.kr/data/goods/20/03/14//1000001420/1000001420_main_090.jpg
X0GL13794_BLK,멜리야 롱 후디,,https://www.2xu.kr/goods/goods_view.php?goodsNo=1000001419,새 상품,83300 KRW,재고 있음,https://www.2xu.kr/data/goods/20/03/14//1000001419/1000001419_main_052.jpg
X0GL13794_WHT,멜리야 롱 후디,,https://www.2xu.kr/goods/goods_view.php?goodsNo=1000001418,새 상품,83300 KRW,재고 있음,https://www.2xu.kr/data/goods/20/03/14//1000001418/1000001418_main_085.jpg
X0GL13883_WHT,메쉬 벤트 티,,https://www.2xu.kr/goods/goods_view.php?goodsNo=1000001423,새 상품,34300 KRW,재고 있음,https://www.2xu.kr/data/goods/20/03/14//1000001423/1000001423_main_079.jpg
X0GL11671_BLK,데이브레이크 트레이닝 자켓,,https://www.2xu.kr/goods/goods_view.php?goodsNo=1000001405,새 상품,90300 KRW,재고 있음,https://www.2xu.kr/data/goods/20/03/14//1000001405/1000001405_main_066.jpg
X0GL11671_WHT,데이브레이크 트레이닝 자켓,,https://www.2xu.kr/goods/goods_view.php?goodsNo=1000001404,새 상품,90300 KRW,재고 있음,https://www.2xu.kr/data/goods/20/03/14//1000001404/1000001404_main_082.jpg
X0GL13772_MLG,그란사 크롭 후디,,https://www.2xu.kr/goods/goods_view.php?goodsNo=1000001387,새 상품,83300 KRW,재고 있음,https://www.2xu.kr/data/goods/20/03/13//1000001387/1000001387_main_048.jpg
X0GL11791_MLG,데이아웃 트레이닝 팬츠,,https://www.2xu.kr/goods/goods_view.php?goodsNo=1000001393,새 상품,83300 KRW,재고 있음,https://www.2xu.kr/data/goods/20/03/13//1000001393/1000001393_main_056.jpg
X0GL11791_BLK,데이아웃 트레이닝 팬츠,,https://www.2xu.kr/goods/goods_view.php?goodsNo=1000001395,새 상품,83300 KRW,재고 있음,https://www.2xu.kr/data/goods/20/03/13//1000001395/1000001395_main_079.jpg
X0GL13871_BLK,살리나 크롭 스웨트셔츠,,https://www.2xu.kr/goods/goods_view.php?goodsNo=1000001380,새 상품,69300 KRW,재고 있음,https://www.2xu.kr/data/goods/20/03/13//1000001380/1000001380_main_093.jpg
X0GL13871_LBE,살리나 크롭 스웨트셔츠,,https://www.2xu.kr/goods/goods_view.php?goodsNo=1000001379,새 상품,69300 KRW,재고 있음,https://www.2xu.kr/data/goods/20/03/13//1000001379/1000001379_main_059.jpg
X0GL13892_BLK,켈로우나 롱 스웨트셔츠,,https://www.2xu.kr/goods/goods_view.php?goodsNo=1000001378,새 상품,62300 KRW,재고 있음,https://www.2xu.kr/data/goods/20/03/13//1000001378/1000001378_main_088.jpg
X0GL13892_MLG,켈로우나 롱 스웨트셔츠,,https://www.2xu.kr/goods/goods_view.php?goodsNo=1000001377,새 상품,62300 KRW,재고 있음,https://www.2xu.kr/data/goods/20/03/13//1000001377/1000001377_main_066.jpg
XULY572_BLK,WOMEN FLIGHT COMPRESSION SOCKS,,https://www.2xu.kr/goods/goods_view.php?goodsNo=1000000480,새 상품,55000 KRW,재고 있음,https://www.2xu.kr/data/goods/18/08/32/1000000480/1000000480_main_028.jpg
51740871XUM9050TUQ,X 디바이스 브라탑,,https://www.2xu.kr/goods/goods_view.php?goodsNo=1000002268,새 상품,99000 KRW,재고 있음,http://dongin2xu.godohosting.com//goods/21/01/02/1000002268/1000002268_main_068.jpg
51710431XUM9050DMG,X 디바이스 브라탑,,https://www.2xu.kr/goods/goods_view.php?goodsNo=1000002267,새 상품,99000 KRW,재고 있음,http://dongin2xu.godohosting.com//goods/21/01/02/1000002267/1000002267_main_025.jpg
51676611XUM9051WHT,빅 로고 브라탑,,https://www.2xu.kr/goods/goods_view.php?goodsNo=1000002266,새 상품,99000 KRW,재고 있음,http://dongin2xu.godohosting.com//goods/21/01/02/1000002266/1000002266_main_026.jpg
51646921XUM9051BLK,빅 로고 브라탑,,https://www.2xu.kr/goods/goods_view.php?goodsNo=1000002265,새 상품,99000 KRW,재고 있음,http://dongin2xu.godohosting.com//goods/21/01/02/1000002265/1000002265_main_017.jpg
51616541XUM9052NVY,심리스 브라탑,,https://www.2xu.kr/goods/goods_view.php?goodsNo=1000002264,새 상품,89000 KRW,재고 있음,http://dongin2xu.godohosting.com//goods/21/01/02/1000002264/1000002264_main_04.jpg
51591811XUM9052BLK,심리스 브라탑,,https://www.2xu.kr/goods/goods_view.php?goodsNo=1000002263,새 상품,89000 KRW,재고 있음,http://dongin2xu.godohosting.com//goods/21/01/02/1000002263/1000002263_main_013.jpg
5155041XUM9150RED,엠보 프린트 브라탑,,https://www.2xu.kr/goods/goods_view.php?goodsNo=1000002262,새 상품,99000 KRW,재고 있음,http://dongin2xu.godohosting.com//goods/21/01/02/1000002262/1000002262_main_056.jpg
51519641XUM9150BLK,엠보 프린트 브라탑,,https://www.2xu.kr/goods/goods_view.php?goodsNo=1000002261,새 상품,99000 KRW,재고 있음,http://dongin2xu.godohosting.com//goods/21/01/02/1000002261/1000002261_main_061.jpg
XUG1452BLK,리플렉티브 스트라이프 자켓,,https://www.2xu.kr/goods/goods_view.php?goodsNo=1000002207,새 상품,95600 KRW,재고 있음,http://dongin2xu.godohosting.com//goods/21/01/02/1000002207/1000002207_main_069.jpg
XUG1451WHT,호리즌털 블락 자켓,,https://www.2xu.kr/goods/goods_view.php?goodsNo=1000002206,새 상품,95600 KRW,재고 있음,http://dongin2xu.godohosting.com//goods/21/01/02/1000002206/1000002206_main_059.jpg
XUG1451DGY,호리즌털 블락 자켓,,https://www.2xu.kr/goods/goods_view.php?goodsNo=1000002205,새 상품,95600 KRW,재고 있음,http://dongin2xu.godohosting.com//goods/21/01/02/1000002205/1000002205_main_031.jpg
XUG1450WHT,펀치드 하이브리드 자켓,,https://www.2xu.kr/goods/goods_view.php?goodsNo=1000002204,새 상품,95600 KRW,재고 있음,http://dongin2xu.godohosting.com//goods/21/01/02/1000002204/1000002204_main_057.jpg
XUG1450FGN,펀치드 하이브리드 자켓,,https://www.2xu.kr/goods/goods_view.php?goodsNo=1000002203,새 상품,95600 KRW,재고 있음,http://dongin2xu.godohosting.com//goods/21/01/02/1000002203/1000002203_main_067.jpg
XUWS750BLK,여성 클래식스 보온 덕다운 패딩자켓 XUWS750BLK,,https://www.2xu.kr/goods/goods_view.php?goodsNo=1000002200,새 상품,119600 KRW,재고 있음,http://dongin2xu.godohosting.com//goods/21/01/02/1000002200/1000002200_main_082.jpg
XUWS750WHT,여성 클래식스 보온 덕다운 패딩자켓 XUWS750WHT,,https://www.2xu.kr/goods/goods_view.php?goodsNo=1000002199,새 상품,119600 KRW,재고 있음,http://dongin2xu.godohosting.com//goods/21/01/02/1000002199/1000002199_main_025.jpg
XUM9251FOR,백 슬릿 탱크탑,,https://www.2xu.kr/goods/goods_view.php?goodsNo=1000002198,새 상품,39600 KRW,재고 있음,http://dongin2xu.godohosting.com//goods/21/01/02/1000002198/1000002198_main_075.jpg
XUM5350DMG,베이직 반팔 폴로셔츠,,https://www.2xu.kr/goods/goods_view.php?goodsNo=1000002197,새 상품,39600 KRW,재고 있음,http://dongin2xu.godohosting.com//goods/21/01/02/1000002197/1000002197_main_031.jpg
XUM5350BLK,베이직 반팔 폴로셔츠,,https://www.2xu.kr/goods/goods_view.php?goodsNo=1000002196,새 상품,39600 KRW,재고 있음,http://dongin2xu.godohosting.com//goods/21/01/02/1000002196/1000002196_main_078.jpg
XUM5153FOR,X 디바이스 반팔 티셔츠,,https://www.2xu.kr/goods/goods_view.php?goodsNo=1000002193,새 상품,27600 KRW,재고 있음,http://dongin2xu.godohosting.com//goods/21/01/02/1000002193/1000002193_main_035.jpg
XUM5153BLK,X 디바이스 반팔 티셔츠,,https://www.2xu.kr/goods/goods_view.php?goodsNo=1000002192,새 상품,27600 KRW,재고 있음,http://dongin2xu.godohosting.com//goods/21/01/02/1000002192/1000002192_main_068.jpg
XUM5150WHT,번아웃 반팔 티셔츠,,https://www.2xu.kr/goods/goods_view.php?goodsNo=1000002190,새 상품,31600 KRW,재고 있음,http://dongin2xu.godohosting.com//goods/21/01/02/1000002190/1000002190_main_097.jpg
XUM5150BLK,번아웃 반팔 티셔츠,,https://www.2xu.kr/goods/goods_view.php?goodsNo=1000002189,새 상품,31600 KRW,재고 있음,http://dongin2xu.godohosting.com//goods/21/01/02/1000002189/1000002189_main_088.jpg
XUM5142RED,도티드 X 반팔 티셔츠,,https://www.2xu.kr/goods/goods_view.php?goodsNo=1000002186,새 상품,19600 KRW,재고 있음,http://dongin2xu.godohosting.com//goods/21/01/02/1000002186/1000002186_main_023.jpg
XUM5142NVY,도티드 X 반팔 티셔츠,,https://www.2xu.kr/goods/goods_view.php?goodsNo=1000002185,새 상품,19600 KRW,재고 있음,http://dongin2xu.godohosting.com//goods/21/01/02/1000002185/1000002185_main_018.jpg
XUM5141RBL,투타임즈유 반팔 티셔츠,,https://www.2xu.kr/goods/goods_view.php?goodsNo=1000002184,새 상품,19600 KRW,재고 있음,http://dongin2xu.godohosting.com//goods/21/01/02/1000002184/1000002184_main_059.jpg
XUM5141MGY,투타임즈유 반팔 티셔츠,,https://www.2xu.kr/goods/goods_view.php?goodsNo=1000002183,새 상품,19600 KRW,재고 있음,http://dongin2xu.godohosting.com//goods/21/01/02/1000002183/1000002183_main_070.jpg
XUM5141BLK,투타임즈유 반팔 티셔츠,,https://www.2xu.kr/goods/goods_view.php?goodsNo=1000002182,새 상품,19600 KRW,재고 있음,http://dongin2xu.godohosting.com//goods/21/01/02/1000002182/1000002182_main_024.jpg
XUG3350WHT,클래시 롱 긴팔 폴로셔츠,,https://www.2xu.kr/goods/goods_view.php?goodsNo=1000002153,새 상품,47600 KRW,재고 있음,http://dongin2xu.godohosting.com//goods/21/01/02/1000002153/1000002153_main_032.jpg
XUG3350BLK,클래시 롱 긴팔 폴로셔츠,,https://www.2xu.kr/goods/goods_view.php?goodsNo=1000002152,새 상품,47600 KRW,재고 있음,http://dongin2xu.godohosting.com//goods/21/01/02/1000002152/1000002152_main_085.jpg
XUG3151BUD,러프 긴팔 티셔츠,,https://www.2xu.kr/goods/goods_view.php?goodsNo=1000002147,새 상품,31600 KRW,재고 있음,http://dongin2xu.godohosting.com//goods/21/01/02/1000002147/1000002147_main_094.jpg
XUG3151BLK,러프 긴팔 티셔츠,,https://www.2xu.kr/goods/goods_view.php?goodsNo=1000002145,새 상품,31600 KRW,재고 있음,http://dongin2xu.godohosting.com//goods/21/01/02/1000002145/1000002145_main_09.jpg
XUG3150WHT,X 디바이스 긴팔 티셔츠,,https://www.2xu.kr/goods/goods_view.php?goodsNo=1000002144,새 상품,31600 KRW,재고 있음,http://dongin2xu.godohosting.com//goods/21/01/02/1000002144/1000002144_main_021.jpg
XUG3150DMG,X 디바이스 긴팔 티셔츠,,https://www.2xu.kr/goods/goods_view.php?goodsNo=1000002143,새 상품,31600 KRW,재고 있음,http://dongin2xu.godohosting.com//goods/21/01/02/1000002143/1000002143_main_064.jpg
XUG1651WHT,X 펀칭 자켓,,https://www.2xu.kr/goods/goods_view.php?goodsNo=1000002135,새 상품,95600 KRW,재고 있음,http://dongin2xu.godohosting.com//goods/21/01/02/1000002135/1000002135_main_044.jpg
XUG1651BLK,X 펀칭 자켓,,https://www.2xu.kr/goods/goods_view.php?goodsNo=1000002134,새 상품,95600 KRW,재고 있음,http://dongin2xu.godohosting.com//goods/21/01/02/1000002134/1000002134_main_057.jpg
X0ML17193LBG,데이아웃 스웨트팬츠,,https://www.2xu.kr/goods/goods_view.php?goodsNo=1000002127,새 상품,90300 KRW,재고 있음,http://dongin2xu.godohosting.com//goods/20/12/52/1000002127/1000002127_main_0100.JPG
X0ML17193BLK,데이아웃 스웨트팬츠,,https://www.2xu.kr/goods/goods_view.php?goodsNo=1000002126,새 상품,90300 KRW,재고 있음,http://dongin2xu.godohosting.com//goods/20/12/52/1000002126/1000002126_main_031.JPG
X0ML17071WHT,데이브레이크 트레이닝 쇼츠,,https://www.2xu.kr/goods/goods_view.php?goodsNo=1000002125,새 상품,55300 KRW,재고 있음,http://dongin2xu.godohosting.com//goods/20/12/52/1000002125/1000002125_main_090.jpg
X0ML17071BLK,데이브레이크 트레이닝 쇼츠,,https://www.2xu.kr/goods/goods_view.php?goodsNo=1000002124,새 상품,55300 KRW,재고 있음,http://dongin2xu.godohosting.com//goods/20/12/52/1000002124/1000002124_main_010.jpg
X0ML17091MLG,데이아웃 트레이닝 세트 쇼츠,,https://www.2xu.kr/goods/goods_view.php?goodsNo=1000002105,새 상품,48300 KRW,재고 있음,http://dongin2xu.godohosting.com//goods/20/12/52/1000002105/1000002105_main_081.jpg
X0ML17091LBG,데이아웃 트레이닝 세트 쇼츠,,https://www.2xu.kr/goods/goods_view.php?goodsNo=1000002104,새 상품,48300 KRW,재고 있음,http://dongin2xu.godohosting.com//goods/20/12/52/1000002104/1000002104_main_085.jpg
X0ML17082BLK,위젤 스트레치 쇼츠,,https://www.2xu.kr/goods/goods_view.php?goodsNo=1000002103,새 상품,62300 KRW,재고 있음,http://dongin2xu.godohosting.com//goods/20/12/52/1000002103/1000002103_main_079.jpg
X0ML17062PNK,에어로 엑스 트레이닝 쇼츠,,https://www.2xu.kr/goods/goods_view.php?goodsNo=1000002102,새 상품,55300 KRW,재고 있음,http://dongin2xu.godohosting.com//goods/20/12/52/1000002102/1000002102_main_075.jpg
X0ML17062BLK,에어로 엑스 트레이닝 쇼츠,,https://www.2xu.kr/goods/goods_view.php?goodsNo=1000002101,새 상품,55300 KRW,재고 있음,http://dongin2xu.godohosting.com//goods/20/12/52/1000002101/1000002101_main_064.jpg
X0ML17061BLK,런 코어 쇼츠,,https://www.2xu.kr/goods/goods_view.php?goodsNo=1000002100,새 상품,41300 KRW,재고 있음,http://dongin2xu.godohosting.com//goods/20/12/52/1000002100/1000002100_main_08.jpg
X0ML17061BEG,런 코어 쇼츠,,https://www.2xu.kr/goods/goods_view.php?goodsNo=1000002099,새 상품,41300 KRW,재고 있음,http://dongin2xu.godohosting.com//goods/20/12/52/1000002099/1000002099_main_081.jpg
X0MU11732LGY,얼티밋 트레이닝 팬츠,,https://www.2xu.kr/goods/goods_view.php?goodsNo=1000002098,새 상품,76300 KRW,재고 있음,http://dongin2xu.godohosting.com//goods/20/12/52/1000002098/1000002098_main_020.jpg
X0MU11732KHA,얼티밋 트레이닝 팬츠,,https://www.2xu.kr/goods/goods_view.php?goodsNo=1000002097,새 상품,76300 KRW,재고 있음,http://dongin2xu.godohosting.com//goods/20/12/52/1000002097/1000002097_main_014.jpg
X0MU11732BLK,얼티밋 트레이닝 팬츠,,https://www.2xu.kr/goods/goods_view.php?goodsNo=1000002096,새 상품,76300 KRW,재고 있음,http://dongin2xu.godohosting.com//goods/20/12/52/1000002096/1000002096_main_056.jpg
X0ML11781BLK,얼티밋 트리콧 트레이닝 팬츠,,https://www.2xu.kr/goods/goods_view.php?goodsNo=1000002088,새 상품,76300 KRW,재고 있음,http://dongin2xu.godohosting.com//goods/20/12/52/1000002088/1000002088_main_064.jpg
X0ML11761PNK,에어로 엑스 트레이닝 팬츠,,https://www.2xu.kr/goods/goods_view.php?goodsNo=1000002087,새 상품,90300 KRW,재고 있음,http://dongin2xu.godohosting.com//goods/20/12/52/1000002087/1000002087_main_045.jpg
X0ML11761BLK,에어로 엑스 트레이닝 팬츠,,https://www.2xu.kr/goods/goods_view.php?goodsNo=1000002086,새 상품,90300 KRW,재고 없음,http://dongin2xu.godohosting.com//goods/20/12/52/1000002086/1000002086_main_051.jpg
X0MU11413LGY,에어로 엑스 런 자켓,,https://www.2xu.kr/goods/goods_view.php?goodsNo=1000002085,새 상품,139300 KRW,재고 있음,http://dongin2xu.godohosting.com//goods/20/12/52/1000002085/1000002085_main_055.jpg
X0MU11413BLK,에어로 엑스 런 자켓,,https://www.2xu.kr/goods/goods_view.php?goodsNo=1000002084,새 상품,139300 KRW,재고 있음,http://dongin2xu.godohosting.com//goods/20/12/52/1000002084/1000002084_main_046.jpg
X0ML19861BLK,GHST 롬퍼 수트,,https://www.2xu.kr/goods/goods_view.php?goodsNo=1000002079,새 상품,90300 KRW,재고 있음,http://dongin2xu.godohosting.com//goods/20/12/52/1000002079/1000002079_main_09.jpg
X0ML15193PNK,길라스 엑티브 티,,https://www.2xu.kr/goods/goods_view.php?goodsNo=1000002078,새 상품,59000 KRW,재고 있음,http://dongin2xu.godohosting.com//goods/20/12/52/1000002078/1000002078_main_054.jpg
X0ML15193BLK,길라스 엑티브 티,,https://www.2xu.kr/goods/goods_view.php?goodsNo=1000002077,새 상품,41300 KRW,재고 있음,http://dongin2xu.godohosting.com//goods/20/12/52/1000002077/1000002077_main_098.jpg
X0ML15191WHT,코어 롱 슬리브 티,,https://www.2xu.kr/goods/goods_view.php?goodsNo=1000002076,새 상품,48300 KRW,재고 있음,http://dongin2xu.godohosting.com//goods/20/12/52/1000002076/1000002076_main_043.jpg
X0ML15183WHT,스타나 트레인 티,,https://www.2xu.kr/goods/goods_view.php?goodsNo=1000002075,새 상품,48300 KRW,재고 없음,http://dongin2xu.godohosting.com//goods/20/12/52/1000002075/1000002075_main_017.jpg
X0ML15183BLK,스타나 트레인 티,,https://www.2xu.kr/goods/goods_view.php?goodsNo=1000002074,새 상품,48300 KRW,재고 있음,http://dongin2xu.godohosting.com//goods/20/12/52/1000002074/1000002074_main_081.jpg
X0MU15144WHT,칼마르 세퍼릿 티,,https://www.2xu.kr/goods/goods_view.php?goodsNo=1000002073,새 상품,48300 KRW,재고 없음,http://dongin2xu.godohosting.com//goods/20/12/52/1000002073/1000002073_main_097.jpg
X0MU15144BLK,칼마르 세퍼릿 티,,https://www.2xu.kr/goods/goods_view.php?goodsNo=1000002072,새 상품,48300 KRW,재고 있음,http://dongin2xu.godohosting.com//goods/20/12/52/1000002072/1000002072_main_03.jpg
X0MU15142YEL,빅로고 반팔티,,https://www.2xu.kr/goods/goods_view.php?goodsNo=1000002071,새 상품,41300 KRW,재고 있음,http://dongin2xu.godohosting.com//goods/20/12/52/1000002071/1000002071_main_08.jpg
X0MU15142BLK,빅로고 반팔티,,https://www.2xu.kr/goods/goods_view.php?goodsNo=1000002070,새 상품,41300 KRW,재고 있음,http://dongin2xu.godohosting.com//goods/20/12/52/1000002070/1000002070_main_016.jpg
X0MU15142BEG,빅로고 반팔티,,https://www.2xu.kr/goods/goods_view.php?goodsNo=1000002069,새 상품,41300 KRW,재고 있음,http://dongin2xu.godohosting.com//goods/20/12/52/1000002069/1000002069_main_022.jpg
X0MU15133ORG,트레이닝 반팔티,,https://www.2xu.kr/goods/goods_view.php?goodsNo=1000002068,새 상품,41300 KRW,재고 있음,http://dongin2xu.godohosting.com//goods/20/12/52/1000002068/1000002068_main_073.jpg
X0MU15133LGY,트레이닝 반팔티,,https://www.2xu.kr/goods/goods_view.php?goodsNo=1000002067,새 상품,41300 KRW,재고 있음,http://dongin2xu.godohosting.com//goods/20/12/52/1000002067/1000002067_main_090.jpg
X0MU15133BLK,트레이닝 반팔티,,https://www.2xu.kr/goods/goods_view.php?goodsNo=1000002066,새 상품,41300 KRW,재고 있음,http://dongin2xu.godohosting.com//goods/20/12/52/1000002066/1000002066_main_026.jpg
X0MU15131WHT,부에노 엑스 그래픽 티,,https://www.2xu.kr/goods/goods_view.php?goodsNo=1000002065,새 상품,48300 KRW,재고 있음,http://dongin2xu.godohosting.com//goods/20/12/52/1000002065/1000002065_main_018.jpg
X0MU15121WHT,코어 빅 로고 티,,https://www.2xu.kr/goods/goods_view.php?goodsNo=1000002064,새 상품,34300 KRW,재고 있음,http://dongin2xu.godohosting.com//goods/20/12/52/1000002064/1000002064_main_099.jpg
X0MU15121RBL,코어 빅 로고 티,,https://www.2xu.kr/goods/goods_view.php?goodsNo=1000002063,새 상품,34300 KRW,재고 있음,http://dongin2xu.godohosting.com//goods/20/12/52/1000002063/1000002063_main_05.jpg
X0MU15121BLK,코어 빅 로고 티,,https://www.2xu.kr/goods/goods_view.php?goodsNo=1000002062,새 상품,34300 KRW,재고 있음,http://dongin2xu.godohosting.com//goods/20/12/52/1000002062/1000002062_main_032.jpg
X0MU15118LKH,에어로 엑스 런 티,,https://www.2xu.kr/goods/goods_view.php?goodsNo=1000002061,새 상품,55300 KRW,재고 있음,http://dongin2xu.godohosting.com//goods/20/12/52/1000002061/1000002061_main_026.jpg
X0MU15118BLK,에어로 엑스 런 티,,https://www.2xu.kr/goods/goods_view.php?goodsNo=1000002060,새 상품,55300 KRW,재고 있음,http://dongin2xu.godohosting.com//goods/20/12/52/1000002060/1000002060_main_033.jpg
X0MU15117WHT,코어 2팩(민소매+반팔티),,https://www.2xu.kr/goods/goods_view.php?goodsNo=1000002059,새 상품,34930 KRW,재고 있음,http://dongin2xu.godohosting.com//goods/20/12/52/1000002059/1000002059_main_068.jpg
X0MU15117GRY,코어 2팩(민소매+반팔티),,https://www.2xu.kr/goods/goods_view.php?goodsNo=1000002058,새 상품,34930 KRW,재고 있음,http://dongin2xu.godohosting.com//goods/20/12/52/1000002058/1000002058_main_072.jpg
X0MU15117BLK,코어 2팩(민소매+반팔티),,https://www.2xu.kr/goods/goods_view.php?goodsNo=1000002057,새 상품,34930 KRW,재고 있음,http://dongin2xu.godohosting.com//goods/20/12/52/1000002057/1000002057_main_084.jpg
X0MU15116WHT,에어로 메쉬 티,,https://www.2xu.kr/goods/goods_view.php?goodsNo=1000002056,새 상품,41300 KRW,재고 있음,http://dongin2xu.godohosting.com//goods/20/12/52/1000002056/1000002056_main_062.jpg
X0MU15116BLK,에어로 메쉬 티,,https://www.2xu.kr/goods/goods_view.php?goodsNo=1000002055,새 상품,41300 KRW,재고 있음,http://dongin2xu.godohosting.com//goods/20/12/52/1000002055/1000002055_main_042.jpg
X0MU15114LGY,에어로 라파스 런 티,,https://www.2xu.kr/goods/goods_view.php?goodsNo=1000002054,새 상품,48300 KRW,재고 있음,http://dongin2xu.godohosting.com//goods/20/12/52/1000002054/1000002054_main_085.jpg
X0MU15114LBE,에어로 라파스 런 티,,https://www.2xu.kr/goods/goods_view.php?goodsNo=1000002053,새 상품,48300 KRW,재고 있음,http://dongin2xu.godohosting.com//goods/20/12/52/1000002053/1000002053_main_084.jpg
X0MU15113WHT,에어로 트라이자 런 티,,https://www.2xu.kr/goods/goods_view.php?goodsNo=1000002052,새 상품,48300 KRW,재고 있음,http://dongin2xu.godohosting.com//goods/20/12/52/1000002052/1000002052_main_021.jpg
X0MU15113BLK,에어로 트라이자 런 티,,https://www.2xu.kr/goods/goods_view.php?goodsNo=1000002051,새 상품,48300 KRW,재고 있음,http://dongin2xu.godohosting.com//goods/20/12/52/1000002051/1000002051_main_067.jpg
X0MU15104RED,다카르 콜랩 오버사이즈 티,,https://www.2xu.kr/goods/goods_view.php?goodsNo=1000002049,새 상품,48300 KRW,재고 있음,http://dongin2xu.godohosting.com//goods/20/12/52/1000002049/1000002049_main_023.jpg
X0MU15104RBL,다카르 콜랩 오버사이즈 티,,https://www.2xu.kr/goods/goods_view.php?goodsNo=1000002048,새 상품,48300 KRW,재고 있음,http://dongin2xu.godohosting.com//goods/20/12/52/1000002048/1000002048_main_044.jpg
X0MU15103WHT,트렌싯 콜랩 로고 티,,https://www.2xu.kr/goods/goods_view.php?goodsNo=1000002047,새 상품,48300 KRW,재고 있음,http://dongin2xu.godohosting.com//goods/20/12/52/1000002047/1000002047_main_068.jpg
X0MU15103BLK,트렌싯 콜랩 로고 티,,https://www.2xu.kr/goods/goods_view.php?goodsNo=1000002046,새 상품,48300 KRW,재고 있음,http://dongin2xu.godohosting.com//goods/20/12/52/1000002046/1000002046_main_04.jpg
X0MU15102LGY,프레더 콜랩 WR 티셔츠,,https://www.2xu.kr/goods/goods_view.php?goodsNo=1000002045,새 상품,55300 KRW,재고 있음,http://dongin2xu.godohosting.com//goods/20/12/52/1000002045/1000002045_main_055.jpg
X0MU15102BLK,프레더 콜랩 WR 티셔츠,,https://www.2xu.kr/goods/goods_view.php?goodsNo=1000002044,새 상품,55300 KRW,재고 있음,http://dongin2xu.godohosting.com//goods/20/12/52/1000002044/1000002044_main_054.jpg
X0MU15101WHT,트렌싯 콜랩 WR 티셔츠,,https://www.2xu.kr/goods/goods_view.php?goodsNo=1000002043,새 상품,55300 KRW,재고 있음,http://dongin2xu.godohosting.com//goods/20/12/52/1000002043/1000002043_main_071.jpg
X0MU15101BLK,트렌싯 콜랩 WR 티셔츠,,https://www.2xu.kr/goods/goods_view.php?goodsNo=1000002042,새 상품,55300 KRW,재고 있음,http://dongin2xu.godohosting.com//goods/20/12/52/1000002042/1000002042_main_040.jpg
X0ML15191BLK,코어 롱 슬리브 티,,https://www.2xu.kr/goods/goods_view.php?goodsNo=1000002030,새 상품,48300 KRW,재고 있음,http://dongin2xu.godohosting.com//goods/20/12/52/1000002030/1000002030_main_09.jpg
X0ML15173WHT,데이브레이크 엑티브 티,,https://www.2xu.kr/goods/goods_view.php?goodsNo=1000002029,새 상품,41300 KRW,재고 있음,http://dongin2xu.godohosting.com//goods/20/12/52/1000002029/1000002029_main_081.jpg
X0ML15173BLK,데이브레이크 엑티브 티,,https://www.2xu.kr/goods/goods_view.php?goodsNo=1000002028,새 상품,41300 KRW,재고 있음,http://dongin2xu.godohosting.com//goods/20/12/52/1000002028/1000002028_main_029.jpg
X0ML15172BLK,클레어 오버사이즈 티,,https://www.2xu.kr/goods/goods_view.php?goodsNo=1000002027,새 상품,41300 KRW,재고 없음,http://dongin2xu.godohosting.com//goods/20/12/52/1000002027/1000002027_main_029.jpg
X0ML15172PNK,클레어 오버사이즈 티,,https://www.2xu.kr/goods/goods_view.php?goodsNo=1000002026,새 상품,41300 KRW,재고 있음,http://dongin2xu.godohosting.com//goods/20/12/52/1000002026/1000002026_main_092.jpg
X0ML15084LGY,마욘 엑티브 민소매,,https://www.2xu.kr/goods/goods_view.php?goodsNo=1000002019,새 상품,41300 KRW,재고 있음,http://dongin2xu.godohosting.com//goods/20/12/52/1000002019/1000002019_main_047.jpg
X0ML15084BLK,마욘 엑티브 민소매,,https://www.2xu.kr/goods/goods_view.php?goodsNo=1000002018,새 상품,41300 KRW,재고 있음,http://dongin2xu.godohosting.com//goods/20/12/52/1000002018/1000002018_main_091.jpg
X0MU11632KHA,얼티밋 트레이닝 자켓,,https://www.2xu.kr/goods/goods_view.php?goodsNo=1000002017,새 상품,97300 KRW,재고 있음,http://dongin2xu.godohosting.com//goods/20/12/52/1000002017/1000002017_main_028.jpg
X0MU11632LGY,얼티밋 트레이닝 자켓,,https://www.2xu.kr/goods/goods_view.php?goodsNo=1000002016,새 상품,97300 KRW,재고 있음,http://dongin2xu.godohosting.com//goods/20/12/52/1000002016/1000002016_main_072.jpg
X0MU11632BLK,얼티밋 트레이닝 자켓,,https://www.2xu.kr/goods/goods_view.php?goodsNo=1000002015,새 상품,97300 KRW,재고 있음,http://dongin2xu.godohosting.com//goods/20/12/52/1000002015/1000002015_main_031.jpg
X0ML11681BLK,얼티밋 트리콧 트레이닝 자켓,,https://www.2xu.kr/goods/goods_view.php?goodsNo=1000002008,새 상품,97300 KRW,재고 있음,http://dongin2xu.godohosting.com//goods/20/12/52/1000002008/1000002008_main_065.jpg
X0ML11681WHT,얼티밋 트리콧 트레이닝 자켓,,https://www.2xu.kr/goods/goods_view.php?goodsNo=1000002007,새 상품,97300 KRW,재고 없음,http://dongin2xu.godohosting.com//goods/20/12/52/1000002007/1000002007_main_089.jpg
X0ML11661PNK,에어로 엑스 트레이닝 자켓,,https://www.2xu.kr/goods/goods_view.php?goodsNo=1000002006,새 상품,125300 KRW,재고 없음,http://dongin2xu.godohosting.com//goods/20/12/52/1000002006/1000002006_main_020.jpg
X0ML11661BLK,에어로 엑스 트레이닝 자켓,,https://www.2xu.kr/goods/goods_view.php?goodsNo=1000002005,새 상품,125300 KRW,재고 없음,http://dongin2xu.godohosting.com//goods/20/12/52/1000002005/1000002005_main_047.jpg
X0WU11048BLK,데이아웃 엑스트라 다운 자켓,,https://www.2xu.kr/goods/goods_view.php?goodsNo=1000001860,새 상품,279300 KRW,재고 있음,http://dongin2xu.godohosting.com//goods/20/11/47/1000001860/1000001860_main_060.jpg
X0WU11012KHA,코나 스트레치 구스다운 자켓,,https://www.2xu.kr/goods/goods_view.php?goodsNo=1000001858,새 상품,299000 KRW,재고 있음,http://dongin2xu.godohosting.com//goods/20/11/45/1000001858/1000001858_main_024.jpg
X0LU13107BLK,코어 긴팔 티셔츠 2 pack,,https://www.2xu.kr/goods/goods_view.php?goodsNo=1000001856,새 상품,41900 KRW,재고 있음,http://dongin2xu.godohosting.com//goods/20/10/44/1000001856/1000001856_main_037.jpg
X0WU11044YEL,콜라보 트렌짓 다운 자켓,,https://www.2xu.kr/goods/goods_view.php?goodsNo=1000001855,새 상품,251300 KRW,재고 있음,http://dongin2xu.godohosting.com//goods/20/10/44/1000001855/1000001855_main_010.jpg
X0WU11044NVY,콜라보 트렌짓 다운 자켓,,https://www.2xu.kr/goods/goods_view.php?goodsNo=1000001854,새 상품,251300 KRW,재고 있음,http://dongin2xu.godohosting.com//goods/20/10/44/1000001854/1000001854_main_043.jpg
X0WU11044BLK,콜라보 트렌짓 다운 자켓,,https://www.2xu.kr/goods/goods_view.php?goodsNo=1000001853,새 상품,251300 KRW,재고 있음,http://dongin2xu.godohosting.com//goods/20/10/44/1000001853/1000001853_main_073.jpg
X0WU11033WHT,얼티밋 트레이닝 구스다운 자켓,,https://www.2xu.kr/goods/goods_view.php?goodsNo=1000001850,새 상품,299000 KRW,재고 있음,http://dongin2xu.godohosting.com//goods/20/10/43/1000001850/1000001850_main_011.jpg
X0WU11033BLK,얼티밋 트레이닝 구스다운 자켓,,https://www.2xu.kr/goods/goods_view.php?goodsNo=1000001849,새 상품,299000 KRW,재고 있음,http://dongin2xu.godohosting.com//goods/20/10/43/1000001849/1000001849_main_017.jpg
X0WU13841WLB1212,폴라텍 플리스 스웨트셔츠,,https://www.2xu.kr/goods/goods_view.php?goodsNo=1000001663,새 상품,62300 KRW,재고 있음,http://dongin2xu.godohosting.com//goods/20/09/38/1000001663/1000001663_main_054.jpg
X0WU13841BLK1142,폴라텍 플리스 스웨트셔츠,,https://www.2xu.kr/goods/goods_view.php?goodsNo=1000001662,새 상품,62300 KRW,재고 있음,http://dongin2xu.godohosting.com//goods/20/09/38/1000001662/1000001662_main_044.jpg
X0WU13521WLB,폴라텍 플리스 베스트,,https://www.2xu.kr/goods/goods_view.php?goodsNo=1000001661,새 상품,48300 KRW,재고 있음,http://dongin2xu.godohosting.com//goods/20/09/38/1000001661/1000001661_main_036.jpg
X0WU13521KHA,폴라텍 플리스 베스트,,https://www.2xu.kr/goods/goods_view.php?goodsNo=1000001660,새 상품,48300 KRW,재고 있음,http://dongin2xu.godohosting.com//goods/20/09/38/1000001660/1000001660_main_051.jpg
X0WU13521BLK,폴라텍 플리스 베스트,,https://www.2xu.kr/goods/goods_view.php?goodsNo=1000001659,새 상품,48300 KRW,재고 있음,http://dongin2xu.godohosting.com//goods/20/09/38/1000001659/1000001659_main_069.jpg
X0LU11644MLG0902,코어 엑스트라 트레이닝 자켓,,https://www.2xu.kr/goods/goods_view.php?goodsNo=1000001658,새 상품,90300 KRW,재고 있음,http://dongin2xu.godohosting.com//goods/20/09/38/1000001658/1000001658_main_059.jpg
X0LU11644BLU0826,코어 엑스트라 트레이닝 자켓,,https://www.2xu.kr/goods/goods_view.php?goodsNo=1000001657,새 상품,90300 KRW,재고 있음,http://dongin2xu.godohosting.com//goods/20/09/38/1000001657/1000001657_main_031.jpg
X0LU11644BLK0753,코어 엑스트라 트레이닝 자켓,,https://www.2xu.kr/goods/goods_view.php?goodsNo=1000001656,새 상품,90300 KRW,재고 있음,http://dongin2xu.godohosting.com//goods/20/09/38/1000001656/1000001656_main_055.jpg
X0LU11744MLG2311,코어 엑스트라 트레이닝 팬츠,,https://www.2xu.kr/goods/goods_view.php?goodsNo=1000001651,새 상품,69300 KRW,재고 있음,http://dongin2xu.godohosting.com//goods/20/09/37/1000001651/1000001651_main_058.jpg
X0LU11744BLU,코어 엑스트라 트레이닝 팬츠,,https://www.2xu.kr/goods/goods_view.php?goodsNo=1000001650,새 상품,69300 KRW,재고 있음,http://dongin2xu.godohosting.com//goods/20/09/37/1000001650/1000001650_main_068.jpg
X0LU11744BLK2206,코어 엑스트라 트레이닝 팬츠,,https://www.2xu.kr/goods/goods_view.php?goodsNo=1000001649,새 상품,69300 KRW,재고 있음,http://dongin2xu.godohosting.com//goods/20/09/37/1000001649/1000001649_main_016.jpg
X0WU13522WLB,폴라텍 플리스 자켓,,https://www.2xu.kr/goods/goods_view.php?goodsNo=1000001648,새 상품,62300 KRW,재고 있음,http://dongin2xu.godohosting.com//goods/20/09/37/1000001648/1000001648_main_079.jpg
X0WU13522KHA,폴라텍 플리스 자켓,,https://www.2xu.kr/goods/goods_view.php?goodsNo=1000001647,새 상품,62300 KRW,재고 있음,http://dongin2xu.godohosting.com//goods/20/09/37/1000001647/1000001647_main_014.jpg
X0WU13522BLK4133,폴라텍 플리스 자켓,,https://www.2xu.kr/goods/goods_view.php?goodsNo=1000001646,새 상품,62300 KRW,재고 없음,http://dongin2xu.godohosting.com//goods/20/09/37/1000001646/1000001646_main_048.jpg
X0WU13543BLU4101,코어 엑스트라 플리스 자켓,,https://www.2xu.kr/goods/goods_view.php?goodsNo=1000001645,새 상품,111300 KRW,재고 있음,http://dongin2xu.godohosting.com//goods/20/09/37/1000001645/1000001645_main_062.jpg
X0WU11012RED1022,코나 스트레치 구스다운 자켓,,https://www.2xu.kr/goods/goods_view.php?goodsNo=1000001642,새 상품,299000 KRW,재고 있음,http://dongin2xu.godohosting.com//goods/20/09/37/1000001642/1000001642_main_029.jpg
X0WU11012BLK,코나 스트레치 구스다운 자켓,,https://www.2xu.kr/goods/goods_view.php?goodsNo=1000001640,새 상품,299000 KRW,재고 있음,http://dongin2xu.godohosting.com//goods/20/09/37/1000001640/1000001640_main_062.jpg
X0WU13523WHT,후리스 쉘파 자켓,,https://www.2xu.kr/goods/goods_view.php?goodsNo=1000001634,새 상품,139300 KRW,재고 있음,http://dongin2xu.godohosting.com//goods/20/09/36/1000001634/1000001634_main_079.jpg
X0WU13523BLK3534,후리스 쉘파 자켓,,https://www.2xu.kr/goods/goods_view.php?goodsNo=1000001633,새 상품,139300 KRW,재고 있음,http://dongin2xu.godohosting.com//goods/20/09/36/1000001633/1000001633_main_014.jpg
X0LU11711BLK5357,코어 본디드 트레이닝 팬츠,,https://www.2xu.kr/goods/goods_view.php?goodsNo=1000001617,새 상품,62300 KRW,재고 있음,http://dongin2xu.godohosting.com//goods/20/09/36/1000001617/1000001617_main_024.jpg
X0WU11011WHT3849,프라임플렉스 구스다운 자켓,,https://www.2xu.kr/goods/goods_view.php?goodsNo=1000001612,새 상품,139300 KRW,재고 있음,http://dongin2xu.godohosting.com//goods/20/09/36/1000001612/1000001612_main_042.jpg
X0WU11011BLK3731,프라임플렉스 구스다운 자켓,,https://www.2xu.kr/goods/goods_view.php?goodsNo=1000001610,새 상품,139300 KRW,재고 있음,http://dongin2xu.godohosting.com//goods/20/09/36/1000001610/1000001610_main_084.jpg
X0WU11202DNV1127,프리마로프트 인슐레이션 베스트,,https://www.2xu.kr/goods/goods_view.php?goodsNo=1000001604,새 상품,83300 KRW,재고 있음,http://dongin2xu.godohosting.com//goods/20/08/35/1000001604/1000001604_main_037.jpg
X0WU11202BLK1047,프리마로프트 인슐레이션 베스트,,https://www.2xu.kr/goods/goods_view.php?goodsNo=1000001603,새 상품,83300 KRW,재고 있음,http://dongin2xu.godohosting.com//goods/20/08/35/1000001603/1000001603_main_0100.jpg
X0WU11202BEG1006,프리마로프트 인슐레이션 베스트,,https://www.2xu.kr/goods/goods_view.php?goodsNo=1000001602,새 상품,83300 KRW,재고 있음,http://dongin2xu.godohosting.com//goods/20/08/35/1000001602/1000001602_main_085.jpg
X0LU13842MLG4138,코어 엑스트라 스웨트셔츠,,https://www.2xu.kr/goods/goods_view.php?goodsNo=1000001595,새 상품,55300 KRW,재고 있음,http://dongin2xu.godohosting.com//goods/20/08/35/1000001595/1000001595_main_067.jpg
X0LU13743MLG3712,코어 엑스트라 후디,,https://www.2xu.kr/goods/goods_view.php?goodsNo=1000001594,새 상품,69300 KRW,재고 있음,http://dongin2xu.godohosting.com//goods/20/08/35/1000001594/1000001594_main_06.jpg
X0LU13743BLU3635,코어 엑스트라 후디,,https://www.2xu.kr/goods/goods_view.php?goodsNo=1000001593,새 상품,69300 KRW,재고 있음,http://dongin2xu.godohosting.com//goods/20/08/35/1000001593/1000001593_main_064.jpg
X0LU13743BLK3601,코어 엑스트라 후디,,https://www.2xu.kr/goods/goods_view.php?goodsNo=1000001592,새 상품,69300 KRW,재고 있음,http://dongin2xu.godohosting.com//goods/20/08/35/1000001592/1000001592_main_024.jpg
X0WU11049NVY2915,콜라보 벤치다운,,https://www.2xu.kr/goods/goods_view.php?goodsNo=1000001591,새 상품,299000 KRW,재고 있음,http://dongin2xu.godohosting.com//goods/20/08/35/1000001591/1000001591_main_010.jpg
X0WU13442KHA0112,콜라보 트렌짓 플리스,,https://www.2xu.kr/goods/goods_view.php?goodsNo=1000001586,새 상품,125300 KRW,재고 있음,http://dongin2xu.godohosting.com//goods/20/08/34/1000001586/1000001586_main_017.jpg
X0WU13442IVY0015,콜라보 트렌짓 플리스,,https://www.2xu.kr/goods/goods_view.php?goodsNo=1000001585,새 상품,125300 KRW,재고 있음,http://dongin2xu.godohosting.com//goods/20/08/34/1000001585/1000001585_main_092.jpg
X0WU13442BLK5920,콜라보 트렌짓 플리스,,https://www.2xu.kr/goods/goods_view.php?goodsNo=1000001584,새 상품,125300 KRW,재고 있음,http://dongin2xu.godohosting.com//goods/20/08/34/1000001584/1000001584_main_013.jpg
X0LU13842BLU1244,코어 엑스트라 스웨트셔츠,,https://www.2xu.kr/goods/goods_view.php?goodsNo=1000001580,새 상품,55300 KRW,재고 있음,http://dongin2xu.godohosting.com//goods/20/08/34/1000001580/1000001580_main_012.jpg
X0LU13842BLK1202,코어 엑스트라 스웨트셔츠,,https://www.2xu.kr/goods/goods_view.php?goodsNo=1000001579,새 상품,55300 KRW,재고 있음,http://dongin2xu.godohosting.com//goods/20/08/34/1000001579/1000001579_main_07.jpg
X0ML2B352_BLK,액티브 경기복 트라이수트,,https://www.2xu.kr/goods/goods_view.php?goodsNo=1000001486,새 상품,125300 KRW,재고 있음,https://www.2xu.kr/data/goods/20/04/16//1000001486/1000001486_main_024.jpg
X0GL11771_BLK,데이브레이크 트레이닝 팬츠,,https://www.2xu.kr/goods/goods_view.php?goodsNo=1000001427,새 상품,69300 KRW,재고 있음,https://www.2xu.kr/data/goods/20/04/14//1000001427/1000001427_main_032.jpg
X0ML19861_BLK,GHST 롬퍼 수트,,https://www.2xu.kr/goods/goods_view.php?goodsNo=1000001373,새 상품,90300 KRW,재고 있음,https://www.2xu.kr/data/goods/20/03/13//1000001373/1000001373_main_093.jpg
X0GU13723_BEG,데이브레이크 리버서블 포켓 후디,,https://www.2xu.kr/goods/goods_view.php?goodsNo=1000001357,새 상품,104300 KRW,재고 있음,https://www.2xu.kr/data/goods/20/03/12//1000001357/1000001357_main_068.jpg
X0GU13723_BLK,데이브레이크 리버시블 포켓 후디,,https://www.2xu.kr/goods/goods_view.php?goodsNo=1000001356,새 상품,104300 KRW,재고 있음,https://www.2xu.kr/data/goods/20/03/12//1000001356/1000001356_main_044.jpg
X0GU13841_BLK,코어 블럭 로고 스웨트셔츠,,https://www.2xu.kr/goods/goods_view.php?goodsNo=1000001355,새 상품,55300 KRW,재고 있음,https://www.2xu.kr/data/goods/20/03/12//1000001355/1000001355_main_055.jpg
X0GU13841_MLG,코어 블럭 로고 스웨트 셔츠,,https://www.2xu.kr/goods/goods_view.php?goodsNo=1000001354,새 상품,55300 KRW,재고 있음,https://www.2xu.kr/data/goods/20/03/12//1000001354/1000001354_main_064.jpg
X0GU11424_BLK,키부 엑티브 자켓,,https://www.2xu.kr/goods/goods_view.php?goodsNo=1000001344,새 상품,195300 KRW,재고 있음,https://www.2xu.kr/data/goods/20/03/10//1000001344/1000001344_main_015.jpg
X0GU11422_DGY,푸트라 테크 아노락 자켓,,https://www.2xu.kr/goods/goods_view.php?goodsNo=1000001331,새 상품,167300 KRW,재고 있음,https://www.2xu.kr/data/goods/20/02/09//1000001331/1000001331_main_082.jpg
X0GU11422_BLK,푸트라 테크 아노락 자켓,,https://www.2xu.kr/goods/goods_view.php?goodsNo=1000001324,새 상품,167300 KRW,재고 있음,https://www.2xu.kr/data/goods/20/02/09//1000001324/1000001324_main_077.jpg
X0GU11425_BLK,데이브레이크 멀티 포켓 자켓,,https://www.2xu.kr/goods/goods_view.php?goodsNo=1000001309,새 상품,195300 KRW,재고 있음,https://www.2xu.kr/data/goods/20/02/08//1000001309/1000001309_main_039.jpg
X0GU11425_KHA,데이브레이크 멀티 포켓 자켓,,https://www.2xu.kr/goods/goods_view.php?goodsNo=1000001308,새 상품,195300 KRW,재고 있음,https://www.2xu.kr/data/goods/20/02/08//1000001308/1000001308_main_067.jpg
X0GU11431_BLK,원샷 자켓,,https://www.2xu.kr/goods/goods_view.php?goodsNo=1000001248,새 상품,139300 KRW,재고 있음,https://www.2xu.kr/data/goods/20/02/06//1000001248/1000001248_main_070.jpg
X0GU11711_BLK,코어 트레이닝 팬츠,,https://www.2xu.kr/goods/goods_view.php?goodsNo=1000001226,새 상품,62300 KRW,재고 있음,https://www.2xu.kr/data/goods/20/01/04//1000001226/1000001226_main_030.jpg
X0GU11711_DGY,코어 트레이닝 팬츠,,https://www.2xu.kr/goods/goods_view.php?goodsNo=1000001225,새 상품,62300 KRW,재고 있음,https://www.2xu.kr/data/goods/20/01/04//1000001225/1000001225_main_089.jpg
X0GU11711_WHT,코어 트레이닝 팬츠,,https://www.2xu.kr/goods/goods_view.php?goodsNo=1000001224,새 상품,62300 KRW,재고 있음,https://www.2xu.kr/data/goods/20/01/04//1000001224/1000001224_main_023.jpg
X0GU11611_DGY,코어 트레이닝 자켓,,https://www.2xu.kr/goods/goods_view.php?goodsNo=1000001222,새 상품,76300 KRW,재고 있음,https://www.2xu.kr/data/goods/20/01/04//1000001222/1000001222_main_092.jpg
X0GU11611_WHT,코어 트레이닝 자켓,,https://www.2xu.kr/goods/goods_view.php?goodsNo=1000001221,새 상품,109000 KRW,재고 없음,https://www.2xu.kr/data/goods/20/01/04//1000001221/1000001221_main_051.JPG
XVFU10101_BLK,레브백팩,,https://www.2xu.kr/goods/goods_view.php?goodsNo=1000001027,새 상품,101400 KRW,재고 있음,https://www.2xu.kr/data/goods/19/09/37//1000001027/1000001027_main_028.jpg
XVFU10101_NVY,레브백팩,,https://www.2xu.kr/goods/goods_view.php?goodsNo=1000001026,새 상품,101400 KRW,재고 있음,https://www.2xu.kr/data/goods/19/09/37//1000001026/1000001026_main_059.jpg
XVFU10102_BLK,펀챌 백팩,,https://www.2xu.kr/goods/goods_view.php?goodsNo=1000001025,새 상품,95400 KRW,재고 있음,https://www.2xu.kr/data/goods/19/09/37//1000001025/1000001025_main_047.jpg
XVS0122_BLK,질롱 워터백,,https://www.2xu.kr/goods/goods_view.php?goodsNo=1000000855,새 상품,22800 KRW,재고 있음,https://www.2xu.kr/data/goods/19/04/17/1000000855/1000000855_main_03.jpg
XVS0125_BLK,푸콘 베스트팩,,https://www.2xu.kr/goods/goods_view.php?goodsNo=1000000822,새 상품,95400 KRW,재고 있음,https://www.2xu.kr/data/goods/19/04/15/1000000822/1000000822_main_067.jpg
XVS0213_GRY,퍼포먼스 런 바이저,,https://www.2xu.kr/goods/goods_view.php?goodsNo=1000000810,새 상품,23400 KRW,재고 없음,https://www.2xu.kr/data/goods/19/04/14/1000000810/1000000810_main_058.jpg
XVS0113_BLK,시더 크로스백,,https://www.2xu.kr/goods/goods_view.php?goodsNo=1000000792,새 상품,101400 KRW,재고 있음,https://www.2xu.kr/data/goods/19/04/14/1000000792/1000000792_main_069.jpg
XVS0115_BLK,알란야 슬링백,,https://www.2xu.kr/goods/goods_view.php?goodsNo=1000000791,새 상품,77400 KRW,재고 있음,https://www.2xu.kr/data/goods/19/04/14/1000000791/1000000791_main_043.jpg
XVS0112_BLK,멘로 크로스백,,https://www.2xu.kr/goods/goods_view.php?goodsNo=1000000790,새 상품,71400 KRW,재고 있음,https://www.2xu.kr/data/goods/19/04/14/1000000790/1000000790_main_06.jpg
XVS0110_GRY,비쉬 백팩,,https://www.2xu.kr/goods/goods_view.php?goodsNo=1000000789,새 상품,113400 KRW,재고 있음,https://www.2xu.kr/data/goods/19/04/14/1000000789/1000000789_main_02.jpg
XVS0110_BLK,비쉬 백팩,,https://www.2xu.kr/goods/goods_view.php?goodsNo=1000000788,새 상품,113400 KRW,재고 있음,https://www.2xu.kr/data/goods/19/04/14/1000000788/1000000788_main_075.jpg
XVS0209_BLK,유틸리티 포켓 캠프캡,,https://www.2xu.kr/goods/goods_view.php?goodsNo=1000000756,새 상품,27000 KRW,재고 있음,https://www.2xu.kr/data/goods/19/03/12/1000000756/1000000756_main_088.jpg
XVS0208_GRY,라이트 런캡,,https://www.2xu.kr/goods/goods_view.php?goodsNo=1000000753,새 상품,22800 KRW,재고 있음,https://www.2xu.kr/data/goods/19/03/12/1000000753/1000000753_main_071.jpg
XVS0116_BLK,타우포 백팩,,https://www.2xu.kr/goods/goods_view.php?goodsNo=1000000749,새 상품,137400 KRW,재고 있음,https://www.2xu.kr/data/goods/19/03/11/1000000749/1000000749_main_095.jpg
XVS0206_WHT,3M 프린트 볼캡,,https://www.2xu.kr/goods/goods_view.php?goodsNo=1000000730,새 상품,27000 KRW,재고 있음,https://www.2xu.kr/data/goods/19/03/10/1000000730/1000000730_main_094.jpg
XVS0206_NVY,3M 프린트 볼캡,,https://www.2xu.kr/goods/goods_view.php?goodsNo=1000000729,새 상품,27000 KRW,재고 있음,https://www.2xu.kr/data/goods/19/03/10/1000000729/1000000729_main_039.jpg
XVS0205_WHT,투톤 프린트 트러커,,https://www.2xu.kr/goods/goods_view.php?goodsNo=1000000727,새 상품,27000 KRW,재고 있음,https://www.2xu.kr/data/goods/19/03/10/1000000727/1000000727_main_039.jpg
XVS0205_BLK,투톤 프린트 트러커,,https://www.2xu.kr/goods/goods_view.php?goodsNo=1000000726,새 상품,27000 KRW,재고 있음,https://www.2xu.kr/data/goods/19/03/10/1000000726/1000000726_main_056.jpg
XVS0123_BLK,주리치 바디백,,https://www.2xu.kr/goods/goods_view.php?goodsNo=1000000723,새 상품,59400 KRW,재고 있음,https://www.2xu.kr/data/goods/19/02/05/1000000723/1000000723_main_088.jpg
XVS0114_BLK,질리나 크로스백,,https://www.2xu.kr/goods/goods_view.php?goodsNo=1000000722,새 상품,53400 KRW,재고 있음,https://www.2xu.kr/data/goods/19/02/05/1000000722/1000000722_main_036.jpg
XVS0111_BLK,크루스 크로스백,,https://www.2xu.kr/goods/goods_view.php?goodsNo=1000000721,새 상품,101400 KRW,재고 있음,https://www.2xu.kr/data/goods/19/02/05/1000000721/1000000721_main_033.jpg
XVS0102_BLK,네이플스 백팩,,https://www.2xu.kr/goods/goods_view.php?goodsNo=1000000720,새 상품,95400 KRW,재고 있음,https://www.2xu.kr/data/goods/19/02/05/1000000720/1000000720_main_021.jpg
XVS0109_BLK,다바오 토트백,,https://www.2xu.kr/goods/goods_view.php?goodsNo=1000000719,새 상품,59400 KRW,재고 있음,https://www.2xu.kr/data/goods/19/02/05/1000000719/1000000719_main_036.jpg
XVS0108_BLK,모젤 크로스백,,https://www.2xu.kr/goods/goods_view.php?goodsNo=1000000718,새 상품,47400 KRW,재고 있음,https://www.2xu.kr/data/goods/19/02/05/1000000718/1000000718_main_037.jpg
XVS0101_GRY,오아후 백팩,,https://www.2xu.kr/goods/goods_view.php?goodsNo=1000000717,새 상품,107400 KRW,재고 있음,https://www.2xu.kr/data/goods/19/02/05/1000000717/1000000717_main_091.jpg
XVS0101_BLK,오아후 백팩,,https://www.2xu.kr/goods/goods_view.php?goodsNo=1000000716,새 상품,107400 KRW,재고 있음,https://www.2xu.kr/data/goods/19/02/05/1000000716/1000000716_main_080.jpg
XVS0204_WHT,메쉬 볼캡,,https://www.2xu.kr/goods/goods_view.php?goodsNo=1000000693,새 상품,25800 KRW,재고 있음,https://www.2xu.kr/data/goods/19/01/04/1000000693/1000000693_main_028.jpg
XVS0204_BLU,메쉬 볼캡,,https://www.2xu.kr/goods/goods_view.php?goodsNo=1000000692,새 상품,25800 KRW,재고 있음,https://www.2xu.kr/data/goods/19/01/04/1000000692/1000000692_main_081.jpg
XVS0204_BLK,메쉬 볼캡,,https://www.2xu.kr/goods/goods_view.php?goodsNo=1000000691,새 상품,25800 KRW,재고 있음,https://www.2xu.kr/data/goods/19/01/04/1000000691/1000000691_main_020.jpg
XVS0202_NVY,빅로고 스냅백,,https://www.2xu.kr/goods/goods_view.php?goodsNo=1000000690,새 상품,25800 KRW,재고 있음,https://www.2xu.kr/data/goods/19/01/04/1000000690/1000000690_main_039.jpg
XVS0202_GRY,빅로고 스냅백,,https://www.2xu.kr/goods/goods_view.php?goodsNo=1000000689,새 상품,25800 KRW,재고 있음,https://www.2xu.kr/data/goods/19/01/04/1000000689/1000000689_main_013.jpg
XVS0202_BLK,빅로고 스냅백,,https://www.2xu.kr/goods/goods_view.php?goodsNo=1000000688,새 상품,25800 KRW,재고 없음,https://www.2xu.kr/data/goods/19/01/04/1000000688/1000000688_main_059.jpg
XVS0201_WHT,빅로고 볼캡,,https://www.2xu.kr/goods/goods_view.php?goodsNo=1000000687,새 상품,25800 KRW,재고 있음,https://www.2xu.kr/data/goods/19/01/04/1000000687/1000000687_main_093.jpg
XVS0201_GRY,빅로고 볼캡,,https://www.2xu.kr/goods/goods_view.php?goodsNo=1000000686,새 상품,25800 KRW,재고 있음,https://www.2xu.kr/data/goods/19/01/04/1000000686/1000000686_main_055.jpg
XVS0201_BLK,빅로고 볼캡,,https://www.2xu.kr/goods/goods_view.php?goodsNo=1000000685,새 상품,25800 KRW,재고 있음,https://www.2xu.kr/data/goods/19/01/04/1000000685/1000000685_main_041.jpg
XVS0107_BLK,볼더 슬링백,,https://www.2xu.kr/goods/goods_view.php?goodsNo=1000000684,새 상품,71400 KRW,재고 있음,https://www.2xu.kr/data/goods/19/01/04/1000000684/1000000684_main_044.jpg
XVS0106_NVY,넬슨 백팩,,https://www.2xu.kr/goods/goods_view.php?goodsNo=1000000683,새 상품,95400 KRW,재고 있음,https://www.2xu.kr/data/goods/19/01/04/1000000683/1000000683_main_088.jpg
XVS0106_BLK,넬슨 백팩,,https://www.2xu.kr/goods/goods_view.php?goodsNo=1000000682,새 상품,95400 KRW,재고 있음,https://www.2xu.kr/data/goods/19/01/04/1000000682/1000000682_main_03.jpg
XVS0105_GRY,던디 백팩,,https://www.2xu.kr/goods/goods_view.php?goodsNo=1000000681,새 상품,89400 KRW,재고 있음,https://www.2xu.kr/data/goods/19/01/04/1000000681/1000000681_main_016.jpg
XVS0105_BLK,던디 백팩,,https://www.2xu.kr/goods/goods_view.php?goodsNo=1000000680,새 상품,89400 KRW,재고 있음,https://www.2xu.kr/data/goods/19/01/04/1000000680/1000000680_main_05.jpg
XVS0104_NVY,브리비 백팩,,https://www.2xu.kr/goods/goods_view.php?goodsNo=1000000679,새 상품,83400 KRW,재고 있음,https://www.2xu.kr/data/goods/19/01/04/1000000679/1000000679_main_021.jpg
XVS0104_BLK,브리비 백팩,,https://www.2xu.kr/goods/goods_view.php?goodsNo=1000000678,새 상품,83400 KRW,재고 있음,https://www.2xu.kr/data/goods/19/01/04/1000000678/1000000678_main_018.jpg
XVS0103_GRY,템피 백팩,,https://www.2xu.kr/goods/goods_view.php?goodsNo=1000000677,새 상품,107400 KRW,재고 있음,https://www.2xu.kr/data/goods/19/01/04/1000000677/1000000677_main_068.jpg
XVS0103_BLK,템피 백팩,,https://www.2xu.kr/goods/goods_view.php?goodsNo=1000000676,새 상품,107400 KRW,재고 있음,https://www.2xu.kr/data/goods/19/01/04/1000000676/1000000676_main_020.jpg
XUMZ482_PPP,UNISEX PERFORMANCE VISOR,,https://www.2xu.kr/goods/goods_view.php?goodsNo=1000000642,새 상품,11600 KRW,재고 있음,https://www.2xu.kr/data/goods/19/01/02/1000000642/1000000642_main_058.jpg
XUM0330_WHT,WOMEN X DEVICE VISOR,,https://www.2xu.kr/goods/goods_view.php?goodsNo=1000000626,새 상품,19600 KRW,재고 있음,https://www.2xu.kr/data/goods/19/01/02/1000000626/1000000626_main_026.jpg
XUM0271_BUD,WOMEN BLOSSOM CAP,,https://www.2xu.kr/goods/goods_view.php?goodsNo=1000000625,새 상품,23600 KRW,재고 있음,https://www.2xu.kr/data/goods/19/01/02/1000000625/1000000625_main_097.jpg
XUM0270_RED,WOMEN WELDING X CAP,,https://www.2xu.kr/goods/goods_view.php?goodsNo=1000000624,새 상품,19600 KRW,재고 있음,https://www.2xu.kr/data/goods/19/01/02/1000000624/1000000624_main_035.jpg
XUM0173_BLK,WOMEN MULTIPLE PACK,,https://www.2xu.kr/goods/goods_view.php?goodsNo=1000000621,새 상품,63600 KRW,재고 있음,https://www.2xu.kr/data/goods/19/01/02/1000000621/1000000621_main_024.jpg
XUM0170_WHT,WOMEN EXTEND DUFFLE BAG,,https://www.2xu.kr/goods/goods_view.php?goodsNo=1000000620,새 상품,51600 KRW,재고 있음,https://www.2xu.kr/data/goods/19/01/02/1000000620/1000000620_main_064.jpg
XULZ383_LPK,UNISEX RUN CAP,,https://www.2xu.kr/goods/goods_view.php?goodsNo=1000000585,새 상품,35000 KRW,재고 있음,https://www.2xu.kr/data/goods/18/10/41/1000000585/1000000585_main_039.jpg
XULZ383_BLK,UNISEX RUN CAP,,https://www.2xu.kr/goods/goods_view.php?goodsNo=1000000584,새 상품,35000 KRW,재고 있음,https://www.2xu.kr/data/goods/18/10/41/1000000584/1000000584_main_032.jpg
XULF273_WHT,피트니스 미드라이즈 컴프레션 레깅스,,https://www.2xu.kr/goods/goods_view.php?goodsNo=1000000547,새 상품,89000 KRW,재고 있음,https://www.2xu.kr/data/goods/18/09/37/1000000547/1000000547_main_043.jpg
XULY384_NER,UNISEX FLEX 컴프레션 암가드 FOR RECOVERY (PAIR),,https://www.2xu.kr/goods/goods_view.php?goodsNo=1000000539,새 상품,69000 KRW,재고 있음,https://www.2xu.kr/data/goods/18/08/34/1000000539/1000000539_main_079.jpg
XULZ384_BLK,UNISEX REFLECTIVE PEAK RUN CAP,,https://www.2xu.kr/goods/goods_view.php?goodsNo=1000000489,새 상품,15600 KRW,재고 있음,https://www.2xu.kr/data/goods/18/08/33/1000000489/1000000489_main_06.jpg
XULY582_BLK,UNISEX VECTR CUSHION CREW SOCKS,,https://www.2xu.kr/goods/goods_view.php?goodsNo=1000000483,새 상품,25000 KRW,재고 있음,https://www.2xu.kr/data/goods/18/08/32/1000000483/1000000483_main_06.jpg
XULY581_BLK,UNISEX VECTR ULTRALIGHT CREW SOCKS,,https://www.2xu.kr/goods/goods_view.php?goodsNo=1000000481,새 상품,25000 KRW,재고 있음,https://www.2xu.kr/data/goods/18/08/32/1000000481/1000000481_main_015.jpg
XULY570_DGY,WOMEN COMPRESSION SOCKS FOR RECOVERY,,https://www.2xu.kr/goods/goods_view.php?goodsNo=1000000478,새 상품,55000 KRW,재고 있음,https://www.2xu.kr/data/goods/18/08/32/1000000478/1000000478_main_016.jpg
XULY570_BLK,WOMEN COMPRESSION SOCKS FOR RECOVERY,,https://www.2xu.kr/goods/goods_view.php?goodsNo=1000000477,새 상품,55000 KRW,재고 있음,https://www.2xu.kr/data/goods/18/08/32/1000000477/1000000477_main_050.jpg
XULR150_NER,리프레쉬 리커버리 컴프레션 상의,,https://www.2xu.kr/goods/goods_view.php?goodsNo=1000000433,새 상품,139000 KRW,재고 있음,https://www.2xu.kr/data/goods/18/08/31/1000000433/1000000433_main_085.jpg
XULF275_SLV,피트니스 컴프레션 레깅스 (7부),,https://www.2xu.kr/goods/goods_view.php?goodsNo=1000000404,새 상품,89000 KRW,재고 있음,https://www.2xu.kr/data/goods/18/07/30/1000000404/1000000404_main_040.jpg
XULF273_HPK,피트니스 미드라이즈 컴프레션 레깅스,,https://www.2xu.kr/goods/goods_view.php?goodsNo=1000000403,새 상품,89000 KRW,재고 있음,https://www.2xu.kr/data/goods/18/07/30/1000000403/1000000403_main_06.jpg
XULF271_DNV,프린트 피트니스 하이라이즈 컴프레션 레깅스,,https://www.2xu.kr/goods/goods_view.php?goodsNo=1000000402,새 상품,99000 KRW,재고 있음,https://www.2xu.kr/data/goods/18/07/30/1000000402/1000000402_main_022.jpg
XULF270_GRN,피트니스 하이라이즈 컴프레션 레깅스,,https://www.2xu.kr/goods/goods_view.php?goodsNo=1000000401,새 상품,99000 KRW,재고 있음,https://www.2xu.kr/data/goods/18/07/30/1000000401/1000000401_main_023.jpg
XULF269_SLV,피트니스 컴프레션 레깅스,,https://www.2xu.kr/goods/goods_view.php?goodsNo=1000000400,새 상품,99000 KRW,재고 있음,https://www.2xu.kr/data/goods/18/07/30/1000000400/1000000400_main_051.jpg
XULE267_SRF,리플렉트 런 미드라이즈 컴프레션 레깅스 (포켓),,https://www.2xu.kr/goods/goods_view.php?goodsNo=1000000399,새 상품,139000 KRW,재고 있음,https://www.2xu.kr/data/goods/18/07/30/1000000399/1000000399_main_088.jpg
XULD269_HPK,미드라이즈 컴프레션 레깅스,,https://www.2xu.kr/goods/goods_view.php?goodsNo=1000000397,새 상품,109000 KRW,재고 있음,https://www.2xu.kr/data/goods/18/07/30/1000000397/1000000397_main_054.jpg
XULD269_CMG,미드라이즈 컴프레션 레깅스,,https://www.2xu.kr/goods/goods_view.php?goodsNo=1000000396,새 상품,109000 KRW,재고 있음,https://www.2xu.kr/data/goods/18/07/30/1000000396/1000000396_main_091.jpg
XULD269_BRF,미드라이즈 컴프레션 레깅스,,https://www.2xu.kr/goods/goods_view.php?goodsNo=1000000395,새 상품,109000 KRW,재고 있음,https://www.2xu.kr/data/goods/18/07/30/1000000395/1000000395_main_074.jpg
XULD268_DGY,프린트 미드라이즈 컴프레션 레깅스,,https://www.2xu.kr/goods/goods_view.php?goodsNo=1000000394,새 상품,119000 KRW,재고 있음,https://www.2xu.kr/data/goods/18/07/30/1000000394/1000000394_main_038.jpg
XULD268_GRN,프린트 미드라이즈 컴프레션 레깅스,,https://www.2xu.kr/goods/goods_view.php?goodsNo=1000000393,새 상품,119000 KRW,재고 있음,https://www.2xu.kr/data/goods/18/07/30/1000000393/1000000393_main_098.jpg
XULD268_BLK,프린트 미드라이즈 컴프레션 레깅스,,https://www.2xu.kr/goods/goods_view.php?goodsNo=1000000392,새 상품,119000 KRW,재고 있음,https://www.2xu.kr/data/goods/18/07/30/1000000392/1000000392_main_062.jpg
XULD267_WHT,본디드 미드라이즈 컴프레션 레깅스,,https://www.2xu.kr/goods/goods_view.php?goodsNo=1000000391,새 상품,139000 KRW,재고 있음,https://www.2xu.kr/data/goods/18/07/30/1000000391/1000000391_main_052.jpg
XULC275_SRF,런 미드라이즈 컴프레션 레깅스 (7부 포켓),,https://www.2xu.kr/goods/goods_view.php?goodsNo=1000000390,새 상품,99000 KRW,재고 있음,https://www.2xu.kr/data/goods/18/07/30/1000000390/1000000390_main_077.jpg
XULC275_BRF,런 미드라이즈 컴프레션 레깅스 (7부 포켓),,https://www.2xu.kr/goods/goods_view.php?goodsNo=1000000389,새 상품,99000 KRW,재고 있음,https://www.2xu.kr/data/goods/18/07/30/1000000389/1000000389_main_04.jpg
XULF272_BLU,프린트 피트니스 미드라이즈 컴프레션 레깅스,,https://www.2xu.kr/goods/goods_view.php?goodsNo=1000000375,새 상품,89000 KRW,재고 있음,https://www.2xu.kr/data/goods/18/07/30/1000000375/1000000375_main_011.jpg
XULF272_DNV,프린트 피트니스 미드라이즈 컴프레션 레깅스,,https://www.2xu.kr/goods/goods_view.php?goodsNo=1000000374,새 상품,89000 KRW,재고 있음,https://www.2xu.kr/data/goods/18/07/30/1000000374/1000000374_main_046.jpg
XULD269_WHT,미드라이즈 컴프레션 레깅스,,https://www.2xu.kr/goods/goods_view.php?goodsNo=1000000364,새 상품,109000 KRW,재고 있음,https://www.2xu.kr/data/goods/18/07/30/1000000364/1000000364_main_026.jpg
XUMZ381_PPP,WOMEN RUN CAP,,https://www.2xu.kr/goods/goods_view.php?goodsNo=1000000356,새 상품,15600 KRW,재고 있음,https://www.2xu.kr/data/goods/18/07/29/1000000356/1000000356_main_058.jpg
XULC263_SLV,코어 컴프레션 레깅스,,https://www.2xu.kr/goods/goods_view.php?goodsNo=1000000331,새 상품,109000 KRW,재고 있음,https://www.2xu.kr/data/goods/18/07/28/1000000331/1000000331_main_047.jpg
XULC263_NER,코어 컴프레션 레깅스,,https://www.2xu.kr/goods/goods_view.php?goodsNo=1000000330,새 상품,109000 KRW,재고 있음,https://www.2xu.kr/data/goods/18/07/28/1000000330/1000000330_main_076.jpg
XULC263_CMG,코어 컴프레션 레깅스,,https://www.2xu.kr/goods/goods_view.php?goodsNo=1000000329,새 상품,109000 KRW,재고 있음,https://www.2xu.kr/data/goods/18/07/28/1000000329/1000000329_main_052.jpg
XULC154_SLV,컴프레션 민소매,,https://www.2xu.kr/goods/goods_view.php?goodsNo=1000000320,새 상품,89000 KRW,재고 있음,https://www.2xu.kr/data/goods/18/07/28/1000000320/1000000320_main_018.jpg
XULC153_SLV,컴프레션 반팔 상의,,https://www.2xu.kr/goods/goods_view.php?goodsNo=1000000319,새 상품,99000 KRW,재고 있음,https://www.2xu.kr/data/goods/18/07/28/1000000319/1000000319_main_055.jpg
XULC150_SLV,컴프레션 상의,,https://www.2xu.kr/goods/goods_view.php?goodsNo=1000000318,새 상품,99000 KRW,재고 있음,https://www.2xu.kr/data/goods/18/07/28/1000000318/1000000318_main_033.jpg
XULA268_DBK,프린트 악셀러레이트 컴프레션 레깅스,,https://www.2xu.kr/goods/goods_view.php?goodsNo=1000000316,새 상품,119000 KRW,재고 있음,https://www.2xu.kr/data/goods/18/07/28/1000000316/1000000316_main_038.jpg
XUM0270_WHT,WOMEN WELDING X CAP,,https://www.2xu.kr/goods/goods_view.php?goodsNo=1000000198,새 상품,19600 KRW,재고 있음,https://www.2xu.kr/data/goods/18/04/16/1000000198/1000000198_main_047.jpg
XUM0271_BLK,WOMEN BLOSSOM CAP,,https://www.2xu.kr/goods/goods_view.php?goodsNo=1000000181,새 상품,23600 KRW,재고 있음,https://www.2xu.kr/data/goods/18/04/15/1000000181/1000000181_main_010.jpg
XUM0171_BLK,EMBO PRINT DUFFLE BAG,,https://www.2xu.kr/goods/goods_view.php?goodsNo=1000000158,새 상품,51600 KRW,재고 있음,https://www.2xu.kr/data/goods/18/03/13/1000000158/1000000158_main_018.jpg
XUM0173_NVY,WOMEN MULTIPLE PACK,,https://www.2xu.kr/goods/goods_view.php?goodsNo=1000000126,새 상품,63600 KRW,재고 있음,https://www.2xu.kr/data/goods/18/03/11/1000000126/1000000126_main_01.jpg
XUM0172_BLK,WOMEN STUDIO DUFFLE BAG,,https://www.2xu.kr/goods/goods_view.php?goodsNo=1000000125,새 상품,71600 KRW,재고 있음,https://www.2xu.kr/data/goods/18/03/11/1000000125/1000000125_main_085.jpg
XUM0170_DMG,WOMEN EXTEND DUFFLE BAG,,https://www.2xu.kr/goods/goods_view.php?goodsNo=1000000124,새 상품,51600 KRW,재고 있음,https://www.2xu.kr/data/goods/18/03/11/1000000124/1000000124_main_082.jpg
XUMZ381_BLL,WOMEN RUN CAP,,https://www.2xu.kr/goods/goods_view.php?goodsNo=1000000077,새 상품,15600 KRW,재고 있음,https://www.2xu.kr/data/goods/18/03/10/1000000077/1000000077_main_014.jpg
XUMZ570_BLL,WOMEN STUDIO BACKPACK,,https://www.2xu.kr/goods/goods_view.php?goodsNo=1000000072,새 상품,39600 KRW,재고 있음,https://www.2xu.kr/data/goods/18/03/10/1000000072/1000000072_main_096.jpg
XUMZ582_BLL,TRANSITION BAG (UNISEX),,https://www.2xu.kr/goods/goods_view.php?goodsNo=1000000071,새 상품,63600 KRW,재고 있음,https://www.2xu.kr/data/goods/18/03/10/1000000071/1000000071_main_099.jpg
XUMZ581_BLL,DISTANCE BACKPACK (UNISEX),,https://www.2xu.kr/goods/goods_view.php?goodsNo=1000000065,새 상품,63600 KRW,재고 있음,https://www.2xu.kr/data/goods/18/03/10/1000000065/1000000065_main_065.jpg
